label,config_id,restart_id,restart_seed,t_nuc_cluster,nucleated,p_seed,c_seed,seed_compactness,seed_rg,seed_perimeter,seed_perimeter_to_area,p_ordered_seed,c_ordered_seed,ordered_seed_compactness,ordered_seed_rg,ordered_seed_perimeter,ordered_seed_perimeter_to_area
1.05,0,0,1425291,,0,0.0576171875,7.0,0.5833333333333334,1.1065666703449764,14.0,2.0,0.0,0.0,0.0,,0.0,
1.05,0,1,1425328,,0,0.0576171875,7.0,0.5833333333333334,1.1065666703449764,14.0,2.0,0.0,0.0,0.0,,0.0,
1.05,0,2,1425365,,0,0.0576171875,7.0,0.5833333333333334,1.1065666703449764,14.0,2.0,0.0,0.0,0.0,,0.0,
1.05,0,3,1425402,,0,0.0576171875,7.0,0.5833333333333334,1.1065666703449764,14.0,2.0,0.0,0.0,0.0,,0.0,
1.05,0,4,1425439,184.8,1,0.0576171875,7.0,0.5833333333333334,1.1065666703449764,14.0,2.0,0.0,0.0,0.0,,0.0,
1.05,0,5,1425476,,0,0.0576171875,7.0,0.5833333333333334,1.1065666703449764,14.0,2.0,0.0,0.0,0.0,,0.0,
1.05,0,6,1425513,,0,0.0576171875,7.0,0.5833333333333334,1.1065666703449764,14.0,2.0,0.0,0.0,0.0,,0.0,
1.05,0,7,1425550,,0,0.0576171875,7.0,0.5833333333333334,1.1065666703449764,14.0,2.0,0.0,0.0,0.0,,0.0,
1.05,0,8,1425587,,0,0.0576171875,7.0,0.5833333333333334,1.1065666703449764,14.0,2.0,0.0,0.0,0.0,,0.0,
1.05,0,9,1425624,114.2,1,0.0576171875,7.0,0.5833333333333334,1.1065666703449764,14.0,2.0,0.0,0.0,0.0,,0.0,
1.05,0,10,1425661,267.6,1,0.0576171875,7.0,0.5833333333333334,1.1065666703449764,14.0,2.0,0.0,0.0,0.0,,0.0,
1.05,0,11,1425698,,0,0.0576171875,7.0,0.5833333333333334,1.1065666703449764,14.0,2.0,0.0,0.0,0.0,,0.0,
1.05,0,12,1425735,222.5,1,0.0576171875,7.0,0.5833333333333334,1.1065666703449764,14.0,2.0,0.0,0.0,0.0,,0.0,
1.05,0,13,1425772,,0,0.0576171875,7.0,0.5833333333333334,1.1065666703449764,14.0,2.0,0.0,0.0,0.0,,0.0,
1.05,0,14,1425809,265.4,1,0.0576171875,7.0,0.5833333333333334,1.1065666703449764,14.0,2.0,0.0,0.0,0.0,,0.0,
1.05,0,15,1425846,,0,0.0576171875,7.0,0.5833333333333334,1.1065666703449764,14.0,2.0,0.0,0.0,0.0,,0.0,
1.05,0,16,1425883,176.3,1,0.0576171875,7.0,0.5833333333333334,1.1065666703449764,14.0,2.0,0.0,0.0,0.0,,0.0,
1.05,0,17,1425920,163.9,1,0.0576171875,7.0,0.5833333333333334,1.1065666703449764,14.0,2.0,0.0,0.0,0.0,,0.0,
1.05,0,18,1425957,225.4,1,0.0576171875,7.0,0.5833333333333334,1.1065666703449764,14.0,2.0,0.0,0.0,0.0,,0.0,
1.05,0,19,1425994,,0,0.0576171875,7.0,0.5833333333333334,1.1065666703449764,14.0,2.0,0.0,0.0,0.0,,0.0,
1.05,0,20,1426031,234.6,1,0.0576171875,7.0,0.5833333333333334,1.1065666703449764,14.0,2.0,0.0,0.0,0.0,,0.0,
1.05,0,21,1426068,,0,0.0576171875,7.0,0.5833333333333334,1.1065666703449764,14.0,2.0,0.0,0.0,0.0,,0.0,
1.05,0,22,1426105,,0,0.0576171875,7.0,0.5833333333333334,1.1065666703449764,14.0,2.0,0.0,0.0,0.0,,0.0,
1.05,0,23,1426142,,0,0.0576171875,7.0,0.5833333333333334,1.1065666703449764,14.0,2.0,0.0,0.0,0.0,,0.0,
1.05,1,0,1426300,104.4,1,0.067138671875,8.0,0.6666666666666666,1.165922381636102,14.0,1.75,0.0,0.0,0.0,,0.0,
1.05,1,1,1426337,,0,0.067138671875,8.0,0.6666666666666666,1.165922381636102,14.0,1.75,0.0,0.0,0.0,,0.0,
1.05,1,2,1426374,182.4,1,0.067138671875,8.0,0.6666666666666666,1.165922381636102,14.0,1.75,0.0,0.0,0.0,,0.0,
1.05,1,3,1426411,146.6,1,0.067138671875,8.0,0.6666666666666666,1.165922381636102,14.0,1.75,0.0,0.0,0.0,,0.0,
1.05,1,4,1426448,263.4,1,0.067138671875,8.0,0.6666666666666666,1.165922381636102,14.0,1.75,0.0,0.0,0.0,,0.0,
1.05,1,5,1426485,,0,0.067138671875,8.0,0.6666666666666666,1.165922381636102,14.0,1.75,0.0,0.0,0.0,,0.0,
1.05,1,6,1426522,,0,0.067138671875,8.0,0.6666666666666666,1.165922381636102,14.0,1.75,0.0,0.0,0.0,,0.0,
1.05,1,7,1426559,141.1,1,0.067138671875,8.0,0.6666666666666666,1.165922381636102,14.0,1.75,0.0,0.0,0.0,,0.0,
1.05,1,8,1426596,,0,0.067138671875,8.0,0.6666666666666666,1.165922381636102,14.0,1.75,0.0,0.0,0.0,,0.0,
1.05,1,9,1426633,,0,0.067138671875,8.0,0.6666666666666666,1.165922381636102,14.0,1.75,0.0,0.0,0.0,,0.0,
1.05,1,10,1426670,226.8,1,0.067138671875,8.0,0.6666666666666666,1.165922381636102,14.0,1.75,0.0,0.0,0.0,,0.0,
1.05,1,11,1426707,,0,0.067138671875,8.0,0.6666666666666666,1.165922381636102,14.0,1.75,0.0,0.0,0.0,,0.0,
1.05,1,12,1426744,,0,0.067138671875,8.0,0.6666666666666666,1.165922381636102,14.0,1.75,0.0,0.0,0.0,,0.0,
1.05,1,13,1426781,,0,0.067138671875,8.0,0.6666666666666666,1.165922381636102,14.0,1.75,0.0,0.0,0.0,,0.0,
1.05,1,14,1426818,,0,0.067138671875,8.0,0.6666666666666666,1.165922381636102,14.0,1.75,0.0,0.0,0.0,,0.0,
1.05,1,15,1426855,,0,0.067138671875,8.0,0.6666666666666666,1.165922381636102,14.0,1.75,0.0,0.0,0.0,,0.0,
1.05,1,16,1426892,,0,0.067138671875,8.0,0.6666666666666666,1.165922381636102,14.0,1.75,0.0,0.0,0.0,,0.0,
1.05,1,17,1426929,,0,0.067138671875,8.0,0.6666666666666666,1.165922381636102,14.0,1.75,0.0,0.0,0.0,,0.0,
1.05,1,18,1426966,,0,0.067138671875,8.0,0.6666666666666666,1.165922381636102,14.0,1.75,0.0,0.0,0.0,,0.0,
1.05,1,19,1427003,,0,0.067138671875,8.0,0.6666666666666666,1.165922381636102,14.0,1.75,0.0,0.0,0.0,,0.0,
1.05,1,20,1427040,118.60000000000001,1,0.067138671875,8.0,0.6666666666666666,1.165922381636102,14.0,1.75,0.0,0.0,0.0,,0.0,
1.05,1,21,1427077,261.3,1,0.067138671875,8.0,0.6666666666666666,1.165922381636102,14.0,1.75,0.0,0.0,0.0,,0.0,
1.05,1,22,1427114,246.1,1,0.067138671875,8.0,0.6666666666666666,1.165922381636102,14.0,1.75,0.0,0.0,0.0,,0.0,
1.05,1,23,1427151,,0,0.067138671875,8.0,0.6666666666666666,1.165922381636102,14.0,1.75,0.0,0.0,0.0,,0.0,
1.05,2,0,1427309,,0,0.067626953125,16.0,0.5,2.2690168575839182,30.0,1.875,0.0,0.0,0.0,,0.0,
1.05,2,1,1427346,,0,0.067626953125,16.0,0.5,2.2690168575839182,30.0,1.875,0.0,0.0,0.0,,0.0,
1.05,2,2,1427383,227.6,1,0.067626953125,16.0,0.5,2.2690168575839182,30.0,1.875,0.0,0.0,0.0,,0.0,
1.05,2,3,1427420,164.20000000000002,1,0.067626953125,16.0,0.5,2.2690168575839182,30.0,1.875,0.0,0.0,0.0,,0.0,
1.05,2,4,1427457,,0,0.067626953125,16.0,0.5,2.2690168575839182,30.0,1.875,0.0,0.0,0.0,,0.0,
1.05,2,5,1427494,196.8,1,0.067626953125,16.0,0.5,2.2690168575839182,30.0,1.875,0.0,0.0,0.0,,0.0,
1.05,2,6,1427531,,0,0.067626953125,16.0,0.5,2.2690168575839182,30.0,1.875,0.0,0.0,0.0,,0.0,
1.05,2,7,1427568,,0,0.067626953125,16.0,0.5,2.2690168575839182,30.0,1.875,0.0,0.0,0.0,,0.0,
1.05,2,8,1427605,,0,0.067626953125,16.0,0.5,2.2690168575839182,30.0,1.875,0.0,0.0,0.0,,0.0,
1.05,2,9,1427642,164.70000000000002,1,0.067626953125,16.0,0.5,2.2690168575839182,30.0,1.875,0.0,0.0,0.0,,0.0,
1.05,2,10,1427679,149.6,1,0.067626953125,16.0,0.5,2.2690168575839182,30.0,1.875,0.0,0.0,0.0,,0.0,
1.05,2,11,1427716,,0,0.067626953125,16.0,0.5,2.2690168575839182,30.0,1.875,0.0,0.0,0.0,,0.0,
1.05,2,12,1427753,,0,0.067626953125,16.0,0.5,2.2690168575839182,30.0,1.875,0.0,0.0,0.0,,0.0,
1.05,2,13,1427790,180.8,1,0.067626953125,16.0,0.5,2.2690168575839182,30.0,1.875,0.0,0.0,0.0,,0.0,
1.05,2,14,1427827,126.5,1,0.067626953125,16.0,0.5,2.2690168575839182,30.0,1.875,0.0,0.0,0.0,,0.0,
1.05,2,15,1427864,,0,0.067626953125,16.0,0.5,2.2690168575839182,30.0,1.875,0.0,0.0,0.0,,0.0,
1.05,2,16,1427901,197.6,1,0.067626953125,16.0,0.5,2.2690168575839182,30.0,1.875,0.0,0.0,0.0,,0.0,
1.05,2,17,1427938,,0,0.067626953125,16.0,0.5,2.2690168575839182,30.0,1.875,0.0,0.0,0.0,,0.0,
1.05,2,18,1427975,,0,0.067626953125,16.0,0.5,2.2690168575839182,30.0,1.875,0.0,0.0,0.0,,0.0,
1.05,2,19,1428012,257.3,1,0.067626953125,16.0,0.5,2.2690168575839182,30.0,1.875,0.0,0.0,0.0,,0.0,
1.05,2,20,1428049,181.6,1,0.067626953125,16.0,0.5,2.2690168575839182,30.0,1.875,0.0,0.0,0.0,,0.0,
1.05,2,21,1428086,281.90000000000003,1,0.067626953125,16.0,0.5,2.2690168575839182,30.0,1.875,0.0,0.0,0.0,,0.0,
1.05,2,22,1428123,,0,0.067626953125,16.0,0.5,2.2690168575839182,30.0,1.875,0.0,0.0,0.0,,0.0,
1.05,2,23,1428160,225.0,1,0.067626953125,16.0,0.5,2.2690168575839182,30.0,1.875,0.0,0.0,0.0,,0.0,
1.05,3,0,1428318,,0,0.07275390625,6.0,0.6666666666666666,1.0671873729054748,12.0,2.0,0.0,0.0,0.0,,0.0,
1.05,3,1,1428355,,0,0.07275390625,6.0,0.6666666666666666,1.0671873729054748,12.0,2.0,0.0,0.0,0.0,,0.0,
1.05,3,2,1428392,,0,0.07275390625,6.0,0.6666666666666666,1.0671873729054748,12.0,2.0,0.0,0.0,0.0,,0.0,
1.05,3,3,1428429,197.4,1,0.07275390625,6.0,0.6666666666666666,1.0671873729054748,12.0,2.0,0.0,0.0,0.0,,0.0,
1.05,3,4,1428466,,0,0.07275390625,6.0,0.6666666666666666,1.0671873729054748,12.0,2.0,0.0,0.0,0.0,,0.0,
1.05,3,5,1428503,,0,0.07275390625,6.0,0.6666666666666666,1.0671873729054748,12.0,2.0,0.0,0.0,0.0,,0.0,
1.05,3,6,1428540,,0,0.07275390625,6.0,0.6666666666666666,1.0671873729054748,12.0,2.0,0.0,0.0,0.0,,0.0,
1.05,3,7,1428577,,0,0.07275390625,6.0,0.6666666666666666,1.0671873729054748,12.0,2.0,0.0,0.0,0.0,,0.0,
1.05,3,8,1428614,,0,0.07275390625,6.0,0.6666666666666666,1.0671873729054748,12.0,2.0,0.0,0.0,0.0,,0.0,
1.05,3,9,1428651,266.1,1,0.07275390625,6.0,0.6666666666666666,1.0671873729054748,12.0,2.0,0.0,0.0,0.0,,0.0,
1.05,3,10,1428688,,0,0.07275390625,6.0,0.6666666666666666,1.0671873729054748,12.0,2.0,0.0,0.0,0.0,,0.0,
1.05,3,11,1428725,,0,0.07275390625,6.0,0.6666666666666666,1.0671873729054748,12.0,2.0,0.0,0.0,0.0,,0.0,
1.05,3,12,1428762,,0,0.07275390625,6.0,0.6666666666666666,1.0671873729054748,12.0,2.0,0.0,0.0,0.0,,0.0,
1.05,3,13,1428799,,0,0.07275390625,6.0,0.6666666666666666,1.0671873729054748,12.0,2.0,0.0,0.0,0.0,,0.0,
1.05,3,14,1428836,249.6,1,0.07275390625,6.0,0.6666666666666666,1.0671873729054748,12.0,2.0,0.0,0.0,0.0,,0.0,
1.05,3,15,1428873,,0,0.07275390625,6.0,0.6666666666666666,1.0671873729054748,12.0,2.0,0.0,0.0,0.0,,0.0,
1.05,3,16,1428910,,0,0.07275390625,6.0,0.6666666666666666,1.0671873729054748,12.0,2.0,0.0,0.0,0.0,,0.0,
1.05,3,17,1428947,,0,0.07275390625,6.0,0.6666666666666666,1.0671873729054748,12.0,2.0,0.0,0.0,0.0,,0.0,
1.05,3,18,1428984,,0,0.07275390625,6.0,0.6666666666666666,1.0671873729054748,12.0,2.0,0.0,0.0,0.0,,0.0,
1.05,3,19,1429021,,0,0.07275390625,6.0,0.6666666666666666,1.0671873729054748,12.0,2.0,0.0,0.0,0.0,,0.0,
1.05,3,20,1429058,,0,0.07275390625,6.0,0.6666666666666666,1.0671873729054748,12.0,2.0,0.0,0.0,0.0,,0.0,
1.05,3,21,1429095,,0,0.07275390625,6.0,0.6666666666666666,1.0671873729054748,12.0,2.0,0.0,0.0,0.0,,0.0,
1.05,3,22,1429132,,0,0.07275390625,6.0,0.6666666666666666,1.0671873729054748,12.0,2.0,0.0,0.0,0.0,,0.0,
1.05,3,23,1429169,,0,0.07275390625,6.0,0.6666666666666666,1.0671873729054748,12.0,2.0,0.0,0.0,0.0,,0.0,
1.05,4,0,1429327,238.3,1,0.067626953125,9.0,0.75,1.227262335243029,14.0,1.5555555555555556,0.0,0.0,0.0,,0.0,
1.05,4,1,1429364,,0,0.067626953125,9.0,0.75,1.227262335243029,14.0,1.5555555555555556,0.0,0.0,0.0,,0.0,
1.05,4,2,1429401,,0,0.067626953125,9.0,0.75,1.227262335243029,14.0,1.5555555555555556,0.0,0.0,0.0,,0.0,
1.05,4,3,1429438,88.7,1,0.067626953125,9.0,0.75,1.227262335243029,14.0,1.5555555555555556,0.0,0.0,0.0,,0.0,
1.05,4,4,1429475,190.20000000000002,1,0.067626953125,9.0,0.75,1.227262335243029,14.0,1.5555555555555556,0.0,0.0,0.0,,0.0,
1.05,4,5,1429512,285.5,1,0.067626953125,9.0,0.75,1.227262335243029,14.0,1.5555555555555556,0.0,0.0,0.0,,0.0,
1.05,4,6,1429549,140.3,1,0.067626953125,9.0,0.75,1.227262335243029,14.0,1.5555555555555556,0.0,0.0,0.0,,0.0,
1.05,4,7,1429586,,0,0.067626953125,9.0,0.75,1.227262335243029,14.0,1.5555555555555556,0.0,0.0,0.0,,0.0,
1.05,4,8,1429623,,0,0.067626953125,9.0,0.75,1.227262335243029,14.0,1.5555555555555556,0.0,0.0,0.0,,0.0,
1.05,4,9,1429660,273.90000000000003,1,0.067626953125,9.0,0.75,1.227262335243029,14.0,1.5555555555555556,0.0,0.0,0.0,,0.0,
1.05,4,10,1429697,,0,0.067626953125,9.0,0.75,1.227262335243029,14.0,1.5555555555555556,0.0,0.0,0.0,,0.0,
1.05,4,11,1429734,188.3,1,0.067626953125,9.0,0.75,1.227262335243029,14.0,1.5555555555555556,0.0,0.0,0.0,,0.0,
1.05,4,12,1429771,,0,0.067626953125,9.0,0.75,1.227262335243029,14.0,1.5555555555555556,0.0,0.0,0.0,,0.0,
1.05,4,13,1429808,,0,0.067626953125,9.0,0.75,1.227262335243029,14.0,1.5555555555555556,0.0,0.0,0.0,,0.0,
1.05,4,14,1429845,,0,0.067626953125,9.0,0.75,1.227262335243029,14.0,1.5555555555555556,0.0,0.0,0.0,,0.0,
1.05,4,15,1429882,,0,0.067626953125,9.0,0.75,1.227262335243029,14.0,1.5555555555555556,0.0,0.0,0.0,,0.0,
1.05,4,16,1429919,,0,0.067626953125,9.0,0.75,1.227262335243029,14.0,1.5555555555555556,0.0,0.0,0.0,,0.0,
1.05,4,17,1429956,,0,0.067626953125,9.0,0.75,1.227262335243029,14.0,1.5555555555555556,0.0,0.0,0.0,,0.0,
1.05,4,18,1429993,225.5,1,0.067626953125,9.0,0.75,1.227262335243029,14.0,1.5555555555555556,0.0,0.0,0.0,,0.0,
1.05,4,19,1430030,,0,0.067626953125,9.0,0.75,1.227262335243029,14.0,1.5555555555555556,0.0,0.0,0.0,,0.0,
1.05,4,20,1430067,298.8,1,0.067626953125,9.0,0.75,1.227262335243029,14.0,1.5555555555555556,0.0,0.0,0.0,,0.0,
1.05,4,21,1430104,,0,0.067626953125,9.0,0.75,1.227262335243029,14.0,1.5555555555555556,0.0,0.0,0.0,,0.0,
1.05,4,22,1430141,,0,0.067626953125,9.0,0.75,1.227262335243029,14.0,1.5555555555555556,0.0,0.0,0.0,,0.0,
1.05,4,23,1430178,262.4,1,0.067626953125,9.0,0.75,1.227262335243029,14.0,1.5555555555555556,0.0,0.0,0.0,,0.0,
1.05,5,0,1430336,,0,0.072998046875,9.0,0.5625,1.3240416986458872,16.0,1.7777777777777777,0.0,0.0,0.0,,0.0,
1.05,5,1,1430373,,0,0.072998046875,9.0,0.5625,1.3240416986458872,16.0,1.7777777777777777,0.0,0.0,0.0,,0.0,
1.05,5,2,1430410,154.8,1,0.072998046875,9.0,0.5625,1.3240416986458872,16.0,1.7777777777777777,0.0,0.0,0.0,,0.0,
1.05,5,3,1430447,,0,0.072998046875,9.0,0.5625,1.3240416986458872,16.0,1.7777777777777777,0.0,0.0,0.0,,0.0,
1.05,5,4,1430484,,0,0.072998046875,9.0,0.5625,1.3240416986458872,16.0,1.7777777777777777,0.0,0.0,0.0,,0.0,
1.05,5,5,1430521,270.3,1,0.072998046875,9.0,0.5625,1.3240416986458872,16.0,1.7777777777777777,0.0,0.0,0.0,,0.0,
1.05,5,6,1430558,282.1,1,0.072998046875,9.0,0.5625,1.3240416986458872,16.0,1.7777777777777777,0.0,0.0,0.0,,0.0,
1.05,5,7,1430595,,0,0.072998046875,9.0,0.5625,1.3240416986458872,16.0,1.7777777777777777,0.0,0.0,0.0,,0.0,
1.05,5,8,1430632,,0,0.072998046875,9.0,0.5625,1.3240416986458872,16.0,1.7777777777777777,0.0,0.0,0.0,,0.0,
1.05,5,9,1430669,,0,0.072998046875,9.0,0.5625,1.3240416986458872,16.0,1.7777777777777777,0.0,0.0,0.0,,0.0,
1.05,5,10,1430706,,0,0.072998046875,9.0,0.5625,1.3240416986458872,16.0,1.7777777777777777,0.0,0.0,0.0,,0.0,
1.05,5,11,1430743,,0,0.072998046875,9.0,0.5625,1.3240416986458872,16.0,1.7777777777777777,0.0,0.0,0.0,,0.0,
1.05,5,12,1430780,,0,0.072998046875,9.0,0.5625,1.3240416986458872,16.0,1.7777777777777777,0.0,0.0,0.0,,0.0,
1.05,5,13,1430817,229.9,1,0.072998046875,9.0,0.5625,1.3240416986458872,16.0,1.7777777777777777,0.0,0.0,0.0,,0.0,
1.05,5,14,1430854,263.6,1,0.072998046875,9.0,0.5625,1.3240416986458872,16.0,1.7777777777777777,0.0,0.0,0.0,,0.0,
1.05,5,15,1430891,,0,0.072998046875,9.0,0.5625,1.3240416986458872,16.0,1.7777777777777777,0.0,0.0,0.0,,0.0,
1.05,5,16,1430928,172.6,1,0.072998046875,9.0,0.5625,1.3240416986458872,16.0,1.7777777777777777,0.0,0.0,0.0,,0.0,
1.05,5,17,1430965,,0,0.072998046875,9.0,0.5625,1.3240416986458872,16.0,1.7777777777777777,0.0,0.0,0.0,,0.0,
1.05,5,18,1431002,,0,0.072998046875,9.0,0.5625,1.3240416986458872,16.0,1.7777777777777777,0.0,0.0,0.0,,0.0,
1.05,5,19,1431039,,0,0.072998046875,9.0,0.5625,1.3240416986458872,16.0,1.7777777777777777,0.0,0.0,0.0,,0.0,
1.05,5,20,1431076,198.4,1,0.072998046875,9.0,0.5625,1.3240416986458872,16.0,1.7777777777777777,0.0,0.0,0.0,,0.0,
1.05,5,21,1431113,,0,0.072998046875,9.0,0.5625,1.3240416986458872,16.0,1.7777777777777777,0.0,0.0,0.0,,0.0,
1.05,5,22,1431150,,0,0.072998046875,9.0,0.5625,1.3240416986458872,16.0,1.7777777777777777,0.0,0.0,0.0,,0.0,
1.05,5,23,1431187,,0,0.072998046875,9.0,0.5625,1.3240416986458872,16.0,1.7777777777777777,0.0,0.0,0.0,,0.0,
1.05,6,0,1431345,,0,0.072265625,14.0,0.7777777777777778,1.8140607284571848,20.0,1.4285714285714286,0.0,0.0,0.0,,0.0,
1.05,6,1,1431382,,0,0.072265625,14.0,0.7777777777777778,1.8140607284571848,20.0,1.4285714285714286,0.0,0.0,0.0,,0.0,
1.05,6,2,1431419,,0,0.072265625,14.0,0.7777777777777778,1.8140607284571848,20.0,1.4285714285714286,0.0,0.0,0.0,,0.0,
1.05,6,3,1431456,,0,0.072265625,14.0,0.7777777777777778,1.8140607284571848,20.0,1.4285714285714286,0.0,0.0,0.0,,0.0,
1.05,6,4,1431493,,0,0.072265625,14.0,0.7777777777777778,1.8140607284571848,20.0,1.4285714285714286,0.0,0.0,0.0,,0.0,
1.05,6,5,1431530,,0,0.072265625,14.0,0.7777777777777778,1.8140607284571848,20.0,1.4285714285714286,0.0,0.0,0.0,,0.0,
1.05,6,6,1431567,,0,0.072265625,14.0,0.7777777777777778,1.8140607284571848,20.0,1.4285714285714286,0.0,0.0,0.0,,0.0,
1.05,6,7,1431604,178.3,1,0.072265625,14.0,0.7777777777777778,1.8140607284571848,20.0,1.4285714285714286,0.0,0.0,0.0,,0.0,
1.05,6,8,1431641,,0,0.072265625,14.0,0.7777777777777778,1.8140607284571848,20.0,1.4285714285714286,0.0,0.0,0.0,,0.0,
1.05,6,9,1431678,,0,0.072265625,14.0,0.7777777777777778,1.8140607284571848,20.0,1.4285714285714286,0.0,0.0,0.0,,0.0,
1.05,6,10,1431715,,0,0.072265625,14.0,0.7777777777777778,1.8140607284571848,20.0,1.4285714285714286,0.0,0.0,0.0,,0.0,
1.05,6,11,1431752,,0,0.072265625,14.0,0.7777777777777778,1.8140607284571848,20.0,1.4285714285714286,0.0,0.0,0.0,,0.0,
1.05,6,12,1431789,243.4,1,0.072265625,14.0,0.7777777777777778,1.8140607284571848,20.0,1.4285714285714286,0.0,0.0,0.0,,0.0,
1.05,6,13,1431826,,0,0.072265625,14.0,0.7777777777777778,1.8140607284571848,20.0,1.4285714285714286,0.0,0.0,0.0,,0.0,
1.05,6,14,1431863,,0,0.072265625,14.0,0.7777777777777778,1.8140607284571848,20.0,1.4285714285714286,0.0,0.0,0.0,,0.0,
1.05,6,15,1431900,109.5,1,0.072265625,14.0,0.7777777777777778,1.8140607284571848,20.0,1.4285714285714286,0.0,0.0,0.0,,0.0,
1.05,6,16,1431937,,0,0.072265625,14.0,0.7777777777777778,1.8140607284571848,20.0,1.4285714285714286,0.0,0.0,0.0,,0.0,
1.05,6,17,1431974,,0,0.072265625,14.0,0.7777777777777778,1.8140607284571848,20.0,1.4285714285714286,0.0,0.0,0.0,,0.0,
1.05,6,18,1432011,,0,0.072265625,14.0,0.7777777777777778,1.8140607284571848,20.0,1.4285714285714286,0.0,0.0,0.0,,0.0,
1.05,6,19,1432048,,0,0.072265625,14.0,0.7777777777777778,1.8140607284571848,20.0,1.4285714285714286,0.0,0.0,0.0,,0.0,
1.05,6,20,1432085,268.3,1,0.072265625,14.0,0.7777777777777778,1.8140607284571848,20.0,1.4285714285714286,0.0,0.0,0.0,,0.0,
1.05,6,21,1432122,,0,0.072265625,14.0,0.7777777777777778,1.8140607284571848,20.0,1.4285714285714286,0.0,0.0,0.0,,0.0,
1.05,6,22,1432159,,0,0.072265625,14.0,0.7777777777777778,1.8140607284571848,20.0,1.4285714285714286,0.0,0.0,0.0,,0.0,
1.05,6,23,1432196,,0,0.072265625,14.0,0.7777777777777778,1.8140607284571848,20.0,1.4285714285714286,0.0,0.0,0.0,,0.0,
1.05,7,0,1432354,,0,0.063720703125,7.0,0.7,1.6659862556700857,16.0,2.2857142857142856,0.0,0.0,0.0,,0.0,
1.05,7,1,1432391,,0,0.063720703125,7.0,0.7,1.6659862556700857,16.0,2.2857142857142856,0.0,0.0,0.0,,0.0,
1.05,7,2,1432428,,0,0.063720703125,7.0,0.7,1.6659862556700857,16.0,2.2857142857142856,0.0,0.0,0.0,,0.0,
1.05,7,3,1432465,,0,0.063720703125,7.0,0.7,1.6659862556700857,16.0,2.2857142857142856,0.0,0.0,0.0,,0.0,
1.05,7,4,1432502,,0,0.063720703125,7.0,0.7,1.6659862556700857,16.0,2.2857142857142856,0.0,0.0,0.0,,0.0,
1.05,7,5,1432539,,0,0.063720703125,7.0,0.7,1.6659862556700857,16.0,2.2857142857142856,0.0,0.0,0.0,,0.0,
1.05,7,6,1432576,,0,0.063720703125,7.0,0.7,1.6659862556700857,16.0,2.2857142857142856,0.0,0.0,0.0,,0.0,
1.05,7,7,1432613,,0,0.063720703125,7.0,0.7,1.6659862556700857,16.0,2.2857142857142856,0.0,0.0,0.0,,0.0,
1.05,7,8,1432650,292.8,1,0.063720703125,7.0,0.7,1.6659862556700857,16.0,2.2857142857142856,0.0,0.0,0.0,,0.0,
1.05,7,9,1432687,,0,0.063720703125,7.0,0.7,1.6659862556700857,16.0,2.2857142857142856,0.0,0.0,0.0,,0.0,
1.05,7,10,1432724,,0,0.063720703125,7.0,0.7,1.6659862556700857,16.0,2.2857142857142856,0.0,0.0,0.0,,0.0,
1.05,7,11,1432761,,0,0.063720703125,7.0,0.7,1.6659862556700857,16.0,2.2857142857142856,0.0,0.0,0.0,,0.0,
1.05,7,12,1432798,,0,0.063720703125,7.0,0.7,1.6659862556700857,16.0,2.2857142857142856,0.0,0.0,0.0,,0.0,
1.05,7,13,1432835,,0,0.063720703125,7.0,0.7,1.6659862556700857,16.0,2.2857142857142856,0.0,0.0,0.0,,0.0,
1.05,7,14,1432872,204.20000000000002,1,0.063720703125,7.0,0.7,1.6659862556700857,16.0,2.2857142857142856,0.0,0.0,0.0,,0.0,
1.05,7,15,1432909,,0,0.063720703125,7.0,0.7,1.6659862556700857,16.0,2.2857142857142856,0.0,0.0,0.0,,0.0,
1.05,7,16,1432946,170.0,1,0.063720703125,7.0,0.7,1.6659862556700857,16.0,2.2857142857142856,0.0,0.0,0.0,,0.0,
1.05,7,17,1432983,228.3,1,0.063720703125,7.0,0.7,1.6659862556700857,16.0,2.2857142857142856,0.0,0.0,0.0,,0.0,
1.05,7,18,1433020,,0,0.063720703125,7.0,0.7,1.6659862556700857,16.0,2.2857142857142856,0.0,0.0,0.0,,0.0,
1.05,7,19,1433057,,0,0.063720703125,7.0,0.7,1.6659862556700857,16.0,2.2857142857142856,0.0,0.0,0.0,,0.0,
1.05,7,20,1433094,290.6,1,0.063720703125,7.0,0.7,1.6659862556700857,16.0,2.2857142857142856,0.0,0.0,0.0,,0.0,
1.05,7,21,1433131,,0,0.063720703125,7.0,0.7,1.6659862556700857,16.0,2.2857142857142856,0.0,0.0,0.0,,0.0,
1.05,7,22,1433168,,0,0.063720703125,7.0,0.7,1.6659862556700857,16.0,2.2857142857142856,0.0,0.0,0.0,,0.0,
1.05,7,23,1433205,245.20000000000002,1,0.063720703125,7.0,0.7,1.6659862556700857,16.0,2.2857142857142856,0.0,0.0,0.0,,0.0,
1.05,8,0,1433363,,0,0.06884765625,10.0,0.625,1.4212670403551897,18.0,1.8,0.0,0.0,0.0,,0.0,
1.05,8,1,1433400,,0,0.06884765625,10.0,0.625,1.4212670403551897,18.0,1.8,0.0,0.0,0.0,,0.0,
1.05,8,2,1433437,,0,0.06884765625,10.0,0.625,1.4212670403551897,18.0,1.8,0.0,0.0,0.0,,0.0,
1.05,8,3,1433474,,0,0.06884765625,10.0,0.625,1.4212670403551897,18.0,1.8,0.0,0.0,0.0,,0.0,
1.05,8,4,1433511,,0,0.06884765625,10.0,0.625,1.4212670403551897,18.0,1.8,0.0,0.0,0.0,,0.0,
1.05,8,5,1433548,163.8,1,0.06884765625,10.0,0.625,1.4212670403551897,18.0,1.8,0.0,0.0,0.0,,0.0,
1.05,8,6,1433585,,0,0.06884765625,10.0,0.625,1.4212670403551897,18.0,1.8,0.0,0.0,0.0,,0.0,
1.05,8,7,1433622,,0,0.06884765625,10.0,0.625,1.4212670403551897,18.0,1.8,0.0,0.0,0.0,,0.0,
1.05,8,8,1433659,185.9,1,0.06884765625,10.0,0.625,1.4212670403551897,18.0,1.8,0.0,0.0,0.0,,0.0,
1.05,8,9,1433696,,0,0.06884765625,10.0,0.625,1.4212670403551897,18.0,1.8,0.0,0.0,0.0,,0.0,
1.05,8,10,1433733,,0,0.06884765625,10.0,0.625,1.4212670403551897,18.0,1.8,0.0,0.0,0.0,,0.0,
1.05,8,11,1433770,229.8,1,0.06884765625,10.0,0.625,1.4212670403551897,18.0,1.8,0.0,0.0,0.0,,0.0,
1.05,8,12,1433807,,0,0.06884765625,10.0,0.625,1.4212670403551897,18.0,1.8,0.0,0.0,0.0,,0.0,
1.05,8,13,1433844,,0,0.06884765625,10.0,0.625,1.4212670403551897,18.0,1.8,0.0,0.0,0.0,,0.0,
1.05,8,14,1433881,,0,0.06884765625,10.0,0.625,1.4212670403551897,18.0,1.8,0.0,0.0,0.0,,0.0,
1.05,8,15,1433918,,0,0.06884765625,10.0,0.625,1.4212670403551897,18.0,1.8,0.0,0.0,0.0,,0.0,
1.05,8,16,1433955,82.2,1,0.06884765625,10.0,0.625,1.4212670403551897,18.0,1.8,0.0,0.0,0.0,,0.0,
1.05,8,17,1433992,,0,0.06884765625,10.0,0.625,1.4212670403551897,18.0,1.8,0.0,0.0,0.0,,0.0,
1.05,8,18,1434029,,0,0.06884765625,10.0,0.625,1.4212670403551897,18.0,1.8,0.0,0.0,0.0,,0.0,
1.05,8,19,1434066,163.8,1,0.06884765625,10.0,0.625,1.4212670403551897,18.0,1.8,0.0,0.0,0.0,,0.0,
1.05,8,20,1434103,,0,0.06884765625,10.0,0.625,1.4212670403551897,18.0,1.8,0.0,0.0,0.0,,0.0,
1.05,8,21,1434140,,0,0.06884765625,10.0,0.625,1.4212670403551897,18.0,1.8,0.0,0.0,0.0,,0.0,
1.05,8,22,1434177,228.1,1,0.06884765625,10.0,0.625,1.4212670403551897,18.0,1.8,0.0,0.0,0.0,,0.0,
1.05,8,23,1434214,,0,0.06884765625,10.0,0.625,1.4212670403551897,18.0,1.8,0.0,0.0,0.0,,0.0,
1.05,9,0,1434372,,0,0.06982421875,20.0,0.5555555555555556,2.253885533916929,24.0,1.2,0.0,0.0,0.0,,0.0,
1.05,9,1,1434409,,0,0.06982421875,20.0,0.5555555555555556,2.253885533916929,24.0,1.2,0.0,0.0,0.0,,0.0,
1.05,9,2,1434446,,0,0.06982421875,20.0,0.5555555555555556,2.253885533916929,24.0,1.2,0.0,0.0,0.0,,0.0,
1.05,9,3,1434483,,0,0.06982421875,20.0,0.5555555555555556,2.253885533916929,24.0,1.2,0.0,0.0,0.0,,0.0,
1.05,9,4,1434520,,0,0.06982421875,20.0,0.5555555555555556,2.253885533916929,24.0,1.2,0.0,0.0,0.0,,0.0,
1.05,9,5,1434557,,0,0.06982421875,20.0,0.5555555555555556,2.253885533916929,24.0,1.2,0.0,0.0,0.0,,0.0,
1.05,9,6,1434594,,0,0.06982421875,20.0,0.5555555555555556,2.253885533916929,24.0,1.2,0.0,0.0,0.0,,0.0,
1.05,9,7,1434631,,0,0.06982421875,20.0,0.5555555555555556,2.253885533916929,24.0,1.2,0.0,0.0,0.0,,0.0,
1.05,9,8,1434668,,0,0.06982421875,20.0,0.5555555555555556,2.253885533916929,24.0,1.2,0.0,0.0,0.0,,0.0,
1.05,9,9,1434705,,0,0.06982421875,20.0,0.5555555555555556,2.253885533916929,24.0,1.2,0.0,0.0,0.0,,0.0,
1.05,9,10,1434742,,0,0.06982421875,20.0,0.5555555555555556,2.253885533916929,24.0,1.2,0.0,0.0,0.0,,0.0,
1.05,9,11,1434779,,0,0.06982421875,20.0,0.5555555555555556,2.253885533916929,24.0,1.2,0.0,0.0,0.0,,0.0,
1.05,9,12,1434816,,0,0.06982421875,20.0,0.5555555555555556,2.253885533916929,24.0,1.2,0.0,0.0,0.0,,0.0,
1.05,9,13,1434853,234.4,1,0.06982421875,20.0,0.5555555555555556,2.253885533916929,24.0,1.2,0.0,0.0,0.0,,0.0,
1.05,9,14,1434890,121.4,1,0.06982421875,20.0,0.5555555555555556,2.253885533916929,24.0,1.2,0.0,0.0,0.0,,0.0,
1.05,9,15,1434927,,0,0.06982421875,20.0,0.5555555555555556,2.253885533916929,24.0,1.2,0.0,0.0,0.0,,0.0,
1.05,9,16,1434964,,0,0.06982421875,20.0,0.5555555555555556,2.253885533916929,24.0,1.2,0.0,0.0,0.0,,0.0,
1.05,9,17,1435001,,0,0.06982421875,20.0,0.5555555555555556,2.253885533916929,24.0,1.2,0.0,0.0,0.0,,0.0,
1.05,9,18,1435038,296.6,1,0.06982421875,20.0,0.5555555555555556,2.253885533916929,24.0,1.2,0.0,0.0,0.0,,0.0,
1.05,9,19,1435075,,0,0.06982421875,20.0,0.5555555555555556,2.253885533916929,24.0,1.2,0.0,0.0,0.0,,0.0,
1.05,9,20,1435112,133.9,1,0.06982421875,20.0,0.5555555555555556,2.253885533916929,24.0,1.2,0.0,0.0,0.0,,0.0,
1.05,9,21,1435149,,0,0.06982421875,20.0,0.5555555555555556,2.253885533916929,24.0,1.2,0.0,0.0,0.0,,0.0,
1.05,9,22,1435186,,0,0.06982421875,20.0,0.5555555555555556,2.253885533916929,24.0,1.2,0.0,0.0,0.0,,0.0,
1.05,9,23,1435223,85.5,1,0.06982421875,20.0,0.5555555555555556,2.253885533916929,24.0,1.2,0.0,0.0,0.0,,0.0,
1.05,10,0,1435381,,0,0.085693359375,15.0,0.4166666666666667,2.164357744099724,30.0,2.0,0.0,0.0,0.0,,0.0,
1.05,10,1,1435418,,0,0.085693359375,15.0,0.4166666666666667,2.164357744099724,30.0,2.0,0.0,0.0,0.0,,0.0,
1.05,10,2,1435455,,0,0.085693359375,15.0,0.4166666666666667,2.164357744099724,30.0,2.0,0.0,0.0,0.0,,0.0,
1.05,10,3,1435492,,0,0.085693359375,15.0,0.4166666666666667,2.164357744099724,30.0,2.0,0.0,0.0,0.0,,0.0,
1.05,10,4,1435529,,0,0.085693359375,15.0,0.4166666666666667,2.164357744099724,30.0,2.0,0.0,0.0,0.0,,0.0,
1.05,10,5,1435566,207.70000000000002,1,0.085693359375,15.0,0.4166666666666667,2.164357744099724,30.0,2.0,0.0,0.0,0.0,,0.0,
1.05,10,6,1435603,,0,0.085693359375,15.0,0.4166666666666667,2.164357744099724,30.0,2.0,0.0,0.0,0.0,,0.0,
1.05,10,7,1435640,,0,0.085693359375,15.0,0.4166666666666667,2.164357744099724,30.0,2.0,0.0,0.0,0.0,,0.0,
1.05,10,8,1435677,,0,0.085693359375,15.0,0.4166666666666667,2.164357744099724,30.0,2.0,0.0,0.0,0.0,,0.0,
1.05,10,9,1435714,,0,0.085693359375,15.0,0.4166666666666667,2.164357744099724,30.0,2.0,0.0,0.0,0.0,,0.0,
1.05,10,10,1435751,,0,0.085693359375,15.0,0.4166666666666667,2.164357744099724,30.0,2.0,0.0,0.0,0.0,,0.0,
1.05,10,11,1435788,,0,0.085693359375,15.0,0.4166666666666667,2.164357744099724,30.0,2.0,0.0,0.0,0.0,,0.0,
1.05,10,12,1435825,,0,0.085693359375,15.0,0.4166666666666667,2.164357744099724,30.0,2.0,0.0,0.0,0.0,,0.0,
1.05,10,13,1435862,,0,0.085693359375,15.0,0.4166666666666667,2.164357744099724,30.0,2.0,0.0,0.0,0.0,,0.0,
1.05,10,14,1435899,266.6,1,0.085693359375,15.0,0.4166666666666667,2.164357744099724,30.0,2.0,0.0,0.0,0.0,,0.0,
1.05,10,15,1435936,228.20000000000002,1,0.085693359375,15.0,0.4166666666666667,2.164357744099724,30.0,2.0,0.0,0.0,0.0,,0.0,
1.05,10,16,1435973,,0,0.085693359375,15.0,0.4166666666666667,2.164357744099724,30.0,2.0,0.0,0.0,0.0,,0.0,
1.05,10,17,1436010,207.5,1,0.085693359375,15.0,0.4166666666666667,2.164357744099724,30.0,2.0,0.0,0.0,0.0,,0.0,
1.05,10,18,1436047,,0,0.085693359375,15.0,0.4166666666666667,2.164357744099724,30.0,2.0,0.0,0.0,0.0,,0.0,
1.05,10,19,1436084,214.8,1,0.085693359375,15.0,0.4166666666666667,2.164357744099724,30.0,2.0,0.0,0.0,0.0,,0.0,
1.05,10,20,1436121,202.6,1,0.085693359375,15.0,0.4166666666666667,2.164357744099724,30.0,2.0,0.0,0.0,0.0,,0.0,
1.05,10,21,1436158,,0,0.085693359375,15.0,0.4166666666666667,2.164357744099724,30.0,2.0,0.0,0.0,0.0,,0.0,
1.05,10,22,1436195,,0,0.085693359375,15.0,0.4166666666666667,2.164357744099724,30.0,2.0,0.0,0.0,0.0,,0.0,
1.05,10,23,1436232,199.3,1,0.085693359375,15.0,0.4166666666666667,2.164357744099724,30.0,2.0,0.0,0.0,0.0,,0.0,
1.05,11,0,1436390,234.20000000000002,1,0.061279296875,8.0,0.6666666666666666,1.7275343701356567,18.0,2.25,0.0,0.0,0.0,,0.0,
1.05,11,1,1436427,,0,0.061279296875,8.0,0.6666666666666666,1.7275343701356567,18.0,2.25,0.0,0.0,0.0,,0.0,
1.05,11,2,1436464,,0,0.061279296875,8.0,0.6666666666666666,1.7275343701356567,18.0,2.25,0.0,0.0,0.0,,0.0,
1.05,11,3,1436501,223.1,1,0.061279296875,8.0,0.6666666666666666,1.7275343701356567,18.0,2.25,0.0,0.0,0.0,,0.0,
1.05,11,4,1436538,,0,0.061279296875,8.0,0.6666666666666666,1.7275343701356567,18.0,2.25,0.0,0.0,0.0,,0.0,
1.05,11,5,1436575,218.1,1,0.061279296875,8.0,0.6666666666666666,1.7275343701356567,18.0,2.25,0.0,0.0,0.0,,0.0,
1.05,11,6,1436612,151.8,1,0.061279296875,8.0,0.6666666666666666,1.7275343701356567,18.0,2.25,0.0,0.0,0.0,,0.0,
1.05,11,7,1436649,,0,0.061279296875,8.0,0.6666666666666666,1.7275343701356567,18.0,2.25,0.0,0.0,0.0,,0.0,
1.05,11,8,1436686,,0,0.061279296875,8.0,0.6666666666666666,1.7275343701356567,18.0,2.25,0.0,0.0,0.0,,0.0,
1.05,11,9,1436723,,0,0.061279296875,8.0,0.6666666666666666,1.7275343701356567,18.0,2.25,0.0,0.0,0.0,,0.0,
1.05,11,10,1436760,,0,0.061279296875,8.0,0.6666666666666666,1.7275343701356567,18.0,2.25,0.0,0.0,0.0,,0.0,
1.05,11,11,1436797,,0,0.061279296875,8.0,0.6666666666666666,1.7275343701356567,18.0,2.25,0.0,0.0,0.0,,0.0,
1.05,11,12,1436834,217.3,1,0.061279296875,8.0,0.6666666666666666,1.7275343701356567,18.0,2.25,0.0,0.0,0.0,,0.0,
1.05,11,13,1436871,,0,0.061279296875,8.0,0.6666666666666666,1.7275343701356567,18.0,2.25,0.0,0.0,0.0,,0.0,
1.05,11,14,1436908,131.0,1,0.061279296875,8.0,0.6666666666666666,1.7275343701356567,18.0,2.25,0.0,0.0,0.0,,0.0,
1.05,11,15,1436945,,0,0.061279296875,8.0,0.6666666666666666,1.7275343701356567,18.0,2.25,0.0,0.0,0.0,,0.0,
1.05,11,16,1436982,,0,0.061279296875,8.0,0.6666666666666666,1.7275343701356567,18.0,2.25,0.0,0.0,0.0,,0.0,
1.05,11,17,1437019,,0,0.061279296875,8.0,0.6666666666666666,1.7275343701356567,18.0,2.25,0.0,0.0,0.0,,0.0,
1.05,11,18,1437056,109.9,1,0.061279296875,8.0,0.6666666666666666,1.7275343701356567,18.0,2.25,0.0,0.0,0.0,,0.0,
1.05,11,19,1437093,,0,0.061279296875,8.0,0.6666666666666666,1.7275343701356567,18.0,2.25,0.0,0.0,0.0,,0.0,
1.05,11,20,1437130,261.7,1,0.061279296875,8.0,0.6666666666666666,1.7275343701356567,18.0,2.25,0.0,0.0,0.0,,0.0,
1.05,11,21,1437167,,0,0.061279296875,8.0,0.6666666666666666,1.7275343701356567,18.0,2.25,0.0,0.0,0.0,,0.0,
1.05,11,22,1437204,135.8,1,0.061279296875,8.0,0.6666666666666666,1.7275343701356567,18.0,2.25,0.0,0.0,0.0,,0.0,
1.05,11,23,1437241,267.7,1,0.061279296875,8.0,0.6666666666666666,1.7275343701356567,18.0,2.25,0.0,0.0,0.0,,0.0,
1.1,0,0,2425294,,0,0.077392578125,8.0,0.6666666666666666,1.299038105676658,14.0,1.75,0.0,0.0,0.0,,0.0,
1.1,0,1,2425331,,0,0.077392578125,8.0,0.6666666666666666,1.299038105676658,14.0,1.75,0.0,0.0,0.0,,0.0,
1.1,0,2,2425368,214.20000000000002,1,0.077392578125,8.0,0.6666666666666666,1.299038105676658,14.0,1.75,0.0,0.0,0.0,,0.0,
1.1,0,3,2425405,,0,0.077392578125,8.0,0.6666666666666666,1.299038105676658,14.0,1.75,0.0,0.0,0.0,,0.0,
1.1,0,4,2425442,283.1,1,0.077392578125,8.0,0.6666666666666666,1.299038105676658,14.0,1.75,0.0,0.0,0.0,,0.0,
1.1,0,5,2425479,,0,0.077392578125,8.0,0.6666666666666666,1.299038105676658,14.0,1.75,0.0,0.0,0.0,,0.0,
1.1,0,6,2425516,202.8,1,0.077392578125,8.0,0.6666666666666666,1.299038105676658,14.0,1.75,0.0,0.0,0.0,,0.0,
1.1,0,7,2425553,,0,0.077392578125,8.0,0.6666666666666666,1.299038105676658,14.0,1.75,0.0,0.0,0.0,,0.0,
1.1,0,8,2425590,185.20000000000002,1,0.077392578125,8.0,0.6666666666666666,1.299038105676658,14.0,1.75,0.0,0.0,0.0,,0.0,
1.1,0,9,2425627,114.5,1,0.077392578125,8.0,0.6666666666666666,1.299038105676658,14.0,1.75,0.0,0.0,0.0,,0.0,
1.1,0,10,2425664,,0,0.077392578125,8.0,0.6666666666666666,1.299038105676658,14.0,1.75,0.0,0.0,0.0,,0.0,
1.1,0,11,2425701,,0,0.077392578125,8.0,0.6666666666666666,1.299038105676658,14.0,1.75,0.0,0.0,0.0,,0.0,
1.1,0,12,2425738,274.5,1,0.077392578125,8.0,0.6666666666666666,1.299038105676658,14.0,1.75,0.0,0.0,0.0,,0.0,
1.1,0,13,2425775,,0,0.077392578125,8.0,0.6666666666666666,1.299038105676658,14.0,1.75,0.0,0.0,0.0,,0.0,
1.1,0,14,2425812,,0,0.077392578125,8.0,0.6666666666666666,1.299038105676658,14.0,1.75,0.0,0.0,0.0,,0.0,
1.1,0,15,2425849,152.1,1,0.077392578125,8.0,0.6666666666666666,1.299038105676658,14.0,1.75,0.0,0.0,0.0,,0.0,
1.1,0,16,2425886,,0,0.077392578125,8.0,0.6666666666666666,1.299038105676658,14.0,1.75,0.0,0.0,0.0,,0.0,
1.1,0,17,2425923,185.70000000000002,1,0.077392578125,8.0,0.6666666666666666,1.299038105676658,14.0,1.75,0.0,0.0,0.0,,0.0,
1.1,0,18,2425960,,0,0.077392578125,8.0,0.6666666666666666,1.299038105676658,14.0,1.75,0.0,0.0,0.0,,0.0,
1.1,0,19,2425997,,0,0.077392578125,8.0,0.6666666666666666,1.299038105676658,14.0,1.75,0.0,0.0,0.0,,0.0,
1.1,0,20,2426034,,0,0.077392578125,8.0,0.6666666666666666,1.299038105676658,14.0,1.75,0.0,0.0,0.0,,0.0,
1.1,0,21,2426071,263.9,1,0.077392578125,8.0,0.6666666666666666,1.299038105676658,14.0,1.75,0.0,0.0,0.0,,0.0,
1.1,0,22,2426108,,0,0.077392578125,8.0,0.6666666666666666,1.299038105676658,14.0,1.75,0.0,0.0,0.0,,0.0,
1.1,0,23,2426145,,0,0.077392578125,8.0,0.6666666666666666,1.299038105676658,14.0,1.75,0.0,0.0,0.0,,0.0,
1.1,1,0,2426303,184.6,1,0.079345703125,11.0,0.6111111111111112,1.7486712783337586,22.0,2.0,0.0,0.0,0.0,,0.0,
1.1,1,1,2426340,,0,0.079345703125,11.0,0.6111111111111112,1.7486712783337586,22.0,2.0,0.0,0.0,0.0,,0.0,
1.1,1,2,2426377,159.70000000000002,1,0.079345703125,11.0,0.6111111111111112,1.7486712783337586,22.0,2.0,0.0,0.0,0.0,,0.0,
1.1,1,3,2426414,,0,0.079345703125,11.0,0.6111111111111112,1.7486712783337586,22.0,2.0,0.0,0.0,0.0,,0.0,
1.1,1,4,2426451,279.8,1,0.079345703125,11.0,0.6111111111111112,1.7486712783337586,22.0,2.0,0.0,0.0,0.0,,0.0,
1.1,1,5,2426488,,0,0.079345703125,11.0,0.6111111111111112,1.7486712783337586,22.0,2.0,0.0,0.0,0.0,,0.0,
1.1,1,6,2426525,,0,0.079345703125,11.0,0.6111111111111112,1.7486712783337586,22.0,2.0,0.0,0.0,0.0,,0.0,
1.1,1,7,2426562,,0,0.079345703125,11.0,0.6111111111111112,1.7486712783337586,22.0,2.0,0.0,0.0,0.0,,0.0,
1.1,1,8,2426599,,0,0.079345703125,11.0,0.6111111111111112,1.7486712783337586,22.0,2.0,0.0,0.0,0.0,,0.0,
1.1,1,9,2426636,,0,0.079345703125,11.0,0.6111111111111112,1.7486712783337586,22.0,2.0,0.0,0.0,0.0,,0.0,
1.1,1,10,2426673,,0,0.079345703125,11.0,0.6111111111111112,1.7486712783337586,22.0,2.0,0.0,0.0,0.0,,0.0,
1.1,1,11,2426710,,0,0.079345703125,11.0,0.6111111111111112,1.7486712783337586,22.0,2.0,0.0,0.0,0.0,,0.0,
1.1,1,12,2426747,,0,0.079345703125,11.0,0.6111111111111112,1.7486712783337586,22.0,2.0,0.0,0.0,0.0,,0.0,
1.1,1,13,2426784,,0,0.079345703125,11.0,0.6111111111111112,1.7486712783337586,22.0,2.0,0.0,0.0,0.0,,0.0,
1.1,1,14,2426821,292.3,1,0.079345703125,11.0,0.6111111111111112,1.7486712783337586,22.0,2.0,0.0,0.0,0.0,,0.0,
1.1,1,15,2426858,,0,0.079345703125,11.0,0.6111111111111112,1.7486712783337586,22.0,2.0,0.0,0.0,0.0,,0.0,
1.1,1,16,2426895,,0,0.079345703125,11.0,0.6111111111111112,1.7486712783337586,22.0,2.0,0.0,0.0,0.0,,0.0,
1.1,1,17,2426932,,0,0.079345703125,11.0,0.6111111111111112,1.7486712783337586,22.0,2.0,0.0,0.0,0.0,,0.0,
1.1,1,18,2426969,148.1,1,0.079345703125,11.0,0.6111111111111112,1.7486712783337586,22.0,2.0,0.0,0.0,0.0,,0.0,
1.1,1,19,2427006,,0,0.079345703125,11.0,0.6111111111111112,1.7486712783337586,22.0,2.0,0.0,0.0,0.0,,0.0,
1.1,1,20,2427043,,0,0.079345703125,11.0,0.6111111111111112,1.7486712783337586,22.0,2.0,0.0,0.0,0.0,,0.0,
1.1,1,21,2427080,,0,0.079345703125,11.0,0.6111111111111112,1.7486712783337586,22.0,2.0,0.0,0.0,0.0,,0.0,
1.1,1,22,2427117,,0,0.079345703125,11.0,0.6111111111111112,1.7486712783337586,22.0,2.0,0.0,0.0,0.0,,0.0,
1.1,1,23,2427154,283.40000000000003,1,0.079345703125,11.0,0.6111111111111112,1.7486712783337586,22.0,2.0,0.0,0.0,0.0,,0.0,
1.1,2,0,2427312,228.20000000000002,1,0.08056640625,11.0,0.55,1.4993111365882401,18.0,1.6363636363636365,0.0,0.0,0.0,,0.0,
1.1,2,1,2427349,233.70000000000002,1,0.08056640625,11.0,0.55,1.4993111365882401,18.0,1.6363636363636365,0.0,0.0,0.0,,0.0,
1.1,2,2,2427386,,0,0.08056640625,11.0,0.55,1.4993111365882401,18.0,1.6363636363636365,0.0,0.0,0.0,,0.0,
1.1,2,3,2427423,,0,0.08056640625,11.0,0.55,1.4993111365882401,18.0,1.6363636363636365,0.0,0.0,0.0,,0.0,
1.1,2,4,2427460,,0,0.08056640625,11.0,0.55,1.4993111365882401,18.0,1.6363636363636365,0.0,0.0,0.0,,0.0,
1.1,2,5,2427497,164.0,1,0.08056640625,11.0,0.55,1.4993111365882401,18.0,1.6363636363636365,0.0,0.0,0.0,,0.0,
1.1,2,6,2427534,,0,0.08056640625,11.0,0.55,1.4993111365882401,18.0,1.6363636363636365,0.0,0.0,0.0,,0.0,
1.1,2,7,2427571,,0,0.08056640625,11.0,0.55,1.4993111365882401,18.0,1.6363636363636365,0.0,0.0,0.0,,0.0,
1.1,2,8,2427608,136.9,1,0.08056640625,11.0,0.55,1.4993111365882401,18.0,1.6363636363636365,0.0,0.0,0.0,,0.0,
1.1,2,9,2427645,,0,0.08056640625,11.0,0.55,1.4993111365882401,18.0,1.6363636363636365,0.0,0.0,0.0,,0.0,
1.1,2,10,2427682,,0,0.08056640625,11.0,0.55,1.4993111365882401,18.0,1.6363636363636365,0.0,0.0,0.0,,0.0,
1.1,2,11,2427719,,0,0.08056640625,11.0,0.55,1.4993111365882401,18.0,1.6363636363636365,0.0,0.0,0.0,,0.0,
1.1,2,12,2427756,,0,0.08056640625,11.0,0.55,1.4993111365882401,18.0,1.6363636363636365,0.0,0.0,0.0,,0.0,
1.1,2,13,2427793,,0,0.08056640625,11.0,0.55,1.4993111365882401,18.0,1.6363636363636365,0.0,0.0,0.0,,0.0,
1.1,2,14,2427830,,0,0.08056640625,11.0,0.55,1.4993111365882401,18.0,1.6363636363636365,0.0,0.0,0.0,,0.0,
1.1,2,15,2427867,,0,0.08056640625,11.0,0.55,1.4993111365882401,18.0,1.6363636363636365,0.0,0.0,0.0,,0.0,
1.1,2,16,2427904,,0,0.08056640625,11.0,0.55,1.4993111365882401,18.0,1.6363636363636365,0.0,0.0,0.0,,0.0,
1.1,2,17,2427941,183.5,1,0.08056640625,11.0,0.55,1.4993111365882401,18.0,1.6363636363636365,0.0,0.0,0.0,,0.0,
1.1,2,18,2427978,,0,0.08056640625,11.0,0.55,1.4993111365882401,18.0,1.6363636363636365,0.0,0.0,0.0,,0.0,
1.1,2,19,2428015,,0,0.08056640625,11.0,0.55,1.4993111365882401,18.0,1.6363636363636365,0.0,0.0,0.0,,0.0,
1.1,2,20,2428052,,0,0.08056640625,11.0,0.55,1.4993111365882401,18.0,1.6363636363636365,0.0,0.0,0.0,,0.0,
1.1,2,21,2428089,,0,0.08056640625,11.0,0.55,1.4993111365882401,18.0,1.6363636363636365,0.0,0.0,0.0,,0.0,
1.1,2,22,2428126,,0,0.08056640625,11.0,0.55,1.4993111365882401,18.0,1.6363636363636365,0.0,0.0,0.0,,0.0,
1.1,2,23,2428163,,0,0.08056640625,11.0,0.55,1.4993111365882401,18.0,1.6363636363636365,0.0,0.0,0.0,,0.0,
1.1,3,0,2428321,251.3,1,0.075927734375,10.0,0.625,1.374772708486752,16.0,1.6,0.0,0.0,0.0,,0.0,
1.1,3,1,2428358,,0,0.075927734375,10.0,0.625,1.374772708486752,16.0,1.6,0.0,0.0,0.0,,0.0,
1.1,3,2,2428395,,0,0.075927734375,10.0,0.625,1.374772708486752,16.0,1.6,0.0,0.0,0.0,,0.0,
1.1,3,3,2428432,,0,0.075927734375,10.0,0.625,1.374772708486752,16.0,1.6,0.0,0.0,0.0,,0.0,
1.1,3,4,2428469,,0,0.075927734375,10.0,0.625,1.374772708486752,16.0,1.6,0.0,0.0,0.0,,0.0,
1.1,3,5,2428506,,0,0.075927734375,10.0,0.625,1.374772708486752,16.0,1.6,0.0,0.0,0.0,,0.0,
1.1,3,6,2428543,,0,0.075927734375,10.0,0.625,1.374772708486752,16.0,1.6,0.0,0.0,0.0,,0.0,
1.1,3,7,2428580,,0,0.075927734375,10.0,0.625,1.374772708486752,16.0,1.6,0.0,0.0,0.0,,0.0,
1.1,3,8,2428617,,0,0.075927734375,10.0,0.625,1.374772708486752,16.0,1.6,0.0,0.0,0.0,,0.0,
1.1,3,9,2428654,,0,0.075927734375,10.0,0.625,1.374772708486752,16.0,1.6,0.0,0.0,0.0,,0.0,
1.1,3,10,2428691,223.9,1,0.075927734375,10.0,0.625,1.374772708486752,16.0,1.6,0.0,0.0,0.0,,0.0,
1.1,3,11,2428728,,0,0.075927734375,10.0,0.625,1.374772708486752,16.0,1.6,0.0,0.0,0.0,,0.0,
1.1,3,12,2428765,,0,0.075927734375,10.0,0.625,1.374772708486752,16.0,1.6,0.0,0.0,0.0,,0.0,
1.1,3,13,2428802,,0,0.075927734375,10.0,0.625,1.374772708486752,16.0,1.6,0.0,0.0,0.0,,0.0,
1.1,3,14,2428839,,0,0.075927734375,10.0,0.625,1.374772708486752,16.0,1.6,0.0,0.0,0.0,,0.0,
1.1,3,15,2428876,,0,0.075927734375,10.0,0.625,1.374772708486752,16.0,1.6,0.0,0.0,0.0,,0.0,
1.1,3,16,2428913,,0,0.075927734375,10.0,0.625,1.374772708486752,16.0,1.6,0.0,0.0,0.0,,0.0,
1.1,3,17,2428950,,0,0.075927734375,10.0,0.625,1.374772708486752,16.0,1.6,0.0,0.0,0.0,,0.0,
1.1,3,18,2428987,,0,0.075927734375,10.0,0.625,1.374772708486752,16.0,1.6,0.0,0.0,0.0,,0.0,
1.1,3,19,2429024,286.90000000000003,1,0.075927734375,10.0,0.625,1.374772708486752,16.0,1.6,0.0,0.0,0.0,,0.0,
1.1,3,20,2429061,,0,0.075927734375,10.0,0.625,1.374772708486752,16.0,1.6,0.0,0.0,0.0,,0.0,
1.1,3,21,2429098,,0,0.075927734375,10.0,0.625,1.374772708486752,16.0,1.6,0.0,0.0,0.0,,0.0,
1.1,3,22,2429135,,0,0.075927734375,10.0,0.625,1.374772708486752,16.0,1.6,0.0,0.0,0.0,,0.0,
1.1,3,23,2429172,,0,0.075927734375,10.0,0.625,1.374772708486752,16.0,1.6,0.0,0.0,0.0,,0.0,
1.1,4,0,2429330,182.0,1,0.0810546875,10.0,0.6666666666666666,1.374772708486752,16.0,1.6,0.0,0.0,0.0,,0.0,
1.1,4,1,2429367,,0,0.0810546875,10.0,0.6666666666666666,1.374772708486752,16.0,1.6,0.0,0.0,0.0,,0.0,
1.1,4,2,2429404,,0,0.0810546875,10.0,0.6666666666666666,1.374772708486752,16.0,1.6,0.0,0.0,0.0,,0.0,
1.1,4,3,2429441,,0,0.0810546875,10.0,0.6666666666666666,1.374772708486752,16.0,1.6,0.0,0.0,0.0,,0.0,
1.1,4,4,2429478,266.4,1,0.0810546875,10.0,0.6666666666666666,1.374772708486752,16.0,1.6,0.0,0.0,0.0,,0.0,
1.1,4,5,2429515,,0,0.0810546875,10.0,0.6666666666666666,1.374772708486752,16.0,1.6,0.0,0.0,0.0,,0.0,
1.1,4,6,2429552,132.3,1,0.0810546875,10.0,0.6666666666666666,1.374772708486752,16.0,1.6,0.0,0.0,0.0,,0.0,
1.1,4,7,2429589,227.9,1,0.0810546875,10.0,0.6666666666666666,1.374772708486752,16.0,1.6,0.0,0.0,0.0,,0.0,
1.1,4,8,2429626,,0,0.0810546875,10.0,0.6666666666666666,1.374772708486752,16.0,1.6,0.0,0.0,0.0,,0.0,
1.1,4,9,2429663,,0,0.0810546875,10.0,0.6666666666666666,1.374772708486752,16.0,1.6,0.0,0.0,0.0,,0.0,
1.1,4,10,2429700,255.5,1,0.0810546875,10.0,0.6666666666666666,1.374772708486752,16.0,1.6,0.0,0.0,0.0,,0.0,
1.1,4,11,2429737,179.9,1,0.0810546875,10.0,0.6666666666666666,1.374772708486752,16.0,1.6,0.0,0.0,0.0,,0.0,
1.1,4,12,2429774,,0,0.0810546875,10.0,0.6666666666666666,1.374772708486752,16.0,1.6,0.0,0.0,0.0,,0.0,
1.1,4,13,2429811,,0,0.0810546875,10.0,0.6666666666666666,1.374772708486752,16.0,1.6,0.0,0.0,0.0,,0.0,
1.1,4,14,2429848,,0,0.0810546875,10.0,0.6666666666666666,1.374772708486752,16.0,1.6,0.0,0.0,0.0,,0.0,
1.1,4,15,2429885,173.8,1,0.0810546875,10.0,0.6666666666666666,1.374772708486752,16.0,1.6,0.0,0.0,0.0,,0.0,
1.1,4,16,2429922,,0,0.0810546875,10.0,0.6666666666666666,1.374772708486752,16.0,1.6,0.0,0.0,0.0,,0.0,
1.1,4,17,2429959,,0,0.0810546875,10.0,0.6666666666666666,1.374772708486752,16.0,1.6,0.0,0.0,0.0,,0.0,
1.1,4,18,2429996,,0,0.0810546875,10.0,0.6666666666666666,1.374772708486752,16.0,1.6,0.0,0.0,0.0,,0.0,
1.1,4,19,2430033,,0,0.0810546875,10.0,0.6666666666666666,1.374772708486752,16.0,1.6,0.0,0.0,0.0,,0.0,
1.1,4,20,2430070,,0,0.0810546875,10.0,0.6666666666666666,1.374772708486752,16.0,1.6,0.0,0.0,0.0,,0.0,
1.1,4,21,2430107,,0,0.0810546875,10.0,0.6666666666666666,1.374772708486752,16.0,1.6,0.0,0.0,0.0,,0.0,
1.1,4,22,2430144,,0,0.0810546875,10.0,0.6666666666666666,1.374772708486752,16.0,1.6,0.0,0.0,0.0,,0.0,
1.1,4,23,2430181,,0,0.0810546875,10.0,0.6666666666666666,1.374772708486752,16.0,1.6,0.0,0.0,0.0,,0.0,
1.1,5,0,2430339,168.5,1,0.073974609375,8.0,0.6666666666666666,1.1726039399558574,14.0,1.75,0.0,0.0,0.0,,0.0,
1.1,5,1,2430376,,0,0.073974609375,8.0,0.6666666666666666,1.1726039399558574,14.0,1.75,0.0,0.0,0.0,,0.0,
1.1,5,2,2430413,,0,0.073974609375,8.0,0.6666666666666666,1.1726039399558574,14.0,1.75,0.0,0.0,0.0,,0.0,
1.1,5,3,2430450,,0,0.073974609375,8.0,0.6666666666666666,1.1726039399558574,14.0,1.75,0.0,0.0,0.0,,0.0,
1.1,5,4,2430487,,0,0.073974609375,8.0,0.6666666666666666,1.1726039399558574,14.0,1.75,0.0,0.0,0.0,,0.0,
1.1,5,5,2430524,,0,0.073974609375,8.0,0.6666666666666666,1.1726039399558574,14.0,1.75,0.0,0.0,0.0,,0.0,
1.1,5,6,2430561,211.5,1,0.073974609375,8.0,0.6666666666666666,1.1726039399558574,14.0,1.75,0.0,0.0,0.0,,0.0,
1.1,5,7,2430598,,0,0.073974609375,8.0,0.6666666666666666,1.1726039399558574,14.0,1.75,0.0,0.0,0.0,,0.0,
1.1,5,8,2430635,,0,0.073974609375,8.0,0.6666666666666666,1.1726039399558574,14.0,1.75,0.0,0.0,0.0,,0.0,
1.1,5,9,2430672,,0,0.073974609375,8.0,0.6666666666666666,1.1726039399558574,14.0,1.75,0.0,0.0,0.0,,0.0,
1.1,5,10,2430709,,0,0.073974609375,8.0,0.6666666666666666,1.1726039399558574,14.0,1.75,0.0,0.0,0.0,,0.0,
1.1,5,11,2430746,,0,0.073974609375,8.0,0.6666666666666666,1.1726039399558574,14.0,1.75,0.0,0.0,0.0,,0.0,
1.1,5,12,2430783,,0,0.073974609375,8.0,0.6666666666666666,1.1726039399558574,14.0,1.75,0.0,0.0,0.0,,0.0,
1.1,5,13,2430820,66.3,1,0.073974609375,8.0,0.6666666666666666,1.1726039399558574,14.0,1.75,0.0,0.0,0.0,,0.0,
1.1,5,14,2430857,,0,0.073974609375,8.0,0.6666666666666666,1.1726039399558574,14.0,1.75,0.0,0.0,0.0,,0.0,
1.1,5,15,2430894,241.8,1,0.073974609375,8.0,0.6666666666666666,1.1726039399558574,14.0,1.75,0.0,0.0,0.0,,0.0,
1.1,5,16,2430931,,0,0.073974609375,8.0,0.6666666666666666,1.1726039399558574,14.0,1.75,0.0,0.0,0.0,,0.0,
1.1,5,17,2430968,,0,0.073974609375,8.0,0.6666666666666666,1.1726039399558574,14.0,1.75,0.0,0.0,0.0,,0.0,
1.1,5,18,2431005,,0,0.073974609375,8.0,0.6666666666666666,1.1726039399558574,14.0,1.75,0.0,0.0,0.0,,0.0,
1.1,5,19,2431042,,0,0.073974609375,8.0,0.6666666666666666,1.1726039399558574,14.0,1.75,0.0,0.0,0.0,,0.0,
1.1,5,20,2431079,258.1,1,0.073974609375,8.0,0.6666666666666666,1.1726039399558574,14.0,1.75,0.0,0.0,0.0,,0.0,
1.1,5,21,2431116,105.7,1,0.073974609375,8.0,0.6666666666666666,1.1726039399558574,14.0,1.75,0.0,0.0,0.0,,0.0,
1.1,5,22,2431153,116.9,1,0.073974609375,8.0,0.6666666666666666,1.1726039399558574,14.0,1.75,0.0,0.0,0.0,,0.0,
1.1,5,23,2431190,187.0,1,0.073974609375,8.0,0.6666666666666666,1.1726039399558574,14.0,1.75,0.0,0.0,0.0,,0.0,
1.1,6,0,2431348,,0,0.0693359375,8.0,1.0,1.224744871391589,12.0,1.5,0.0,0.0,0.0,,0.0,
1.1,6,1,2431385,144.3,1,0.0693359375,8.0,1.0,1.224744871391589,12.0,1.5,0.0,0.0,0.0,,0.0,
1.1,6,2,2431422,,0,0.0693359375,8.0,1.0,1.224744871391589,12.0,1.5,0.0,0.0,0.0,,0.0,
1.1,6,3,2431459,,0,0.0693359375,8.0,1.0,1.224744871391589,12.0,1.5,0.0,0.0,0.0,,0.0,
1.1,6,4,2431496,273.8,1,0.0693359375,8.0,1.0,1.224744871391589,12.0,1.5,0.0,0.0,0.0,,0.0,
1.1,6,5,2431533,202.70000000000002,1,0.0693359375,8.0,1.0,1.224744871391589,12.0,1.5,0.0,0.0,0.0,,0.0,
1.1,6,6,2431570,191.20000000000002,1,0.0693359375,8.0,1.0,1.224744871391589,12.0,1.5,0.0,0.0,0.0,,0.0,
1.1,6,7,2431607,246.20000000000002,1,0.0693359375,8.0,1.0,1.224744871391589,12.0,1.5,0.0,0.0,0.0,,0.0,
1.1,6,8,2431644,,0,0.0693359375,8.0,1.0,1.224744871391589,12.0,1.5,0.0,0.0,0.0,,0.0,
1.1,6,9,2431681,,0,0.0693359375,8.0,1.0,1.224744871391589,12.0,1.5,0.0,0.0,0.0,,0.0,
1.1,6,10,2431718,,0,0.0693359375,8.0,1.0,1.224744871391589,12.0,1.5,0.0,0.0,0.0,,0.0,
1.1,6,11,2431755,,0,0.0693359375,8.0,1.0,1.224744871391589,12.0,1.5,0.0,0.0,0.0,,0.0,
1.1,6,12,2431792,,0,0.0693359375,8.0,1.0,1.224744871391589,12.0,1.5,0.0,0.0,0.0,,0.0,
1.1,6,13,2431829,215.20000000000002,1,0.0693359375,8.0,1.0,1.224744871391589,12.0,1.5,0.0,0.0,0.0,,0.0,
1.1,6,14,2431866,,0,0.0693359375,8.0,1.0,1.224744871391589,12.0,1.5,0.0,0.0,0.0,,0.0,
1.1,6,15,2431903,148.3,1,0.0693359375,8.0,1.0,1.224744871391589,12.0,1.5,0.0,0.0,0.0,,0.0,
1.1,6,16,2431940,,0,0.0693359375,8.0,1.0,1.224744871391589,12.0,1.5,0.0,0.0,0.0,,0.0,
1.1,6,17,2431977,,0,0.0693359375,8.0,1.0,1.224744871391589,12.0,1.5,0.0,0.0,0.0,,0.0,
1.1,6,18,2432014,,0,0.0693359375,8.0,1.0,1.224744871391589,12.0,1.5,0.0,0.0,0.0,,0.0,
1.1,6,19,2432051,,0,0.0693359375,8.0,1.0,1.224744871391589,12.0,1.5,0.0,0.0,0.0,,0.0,
1.1,6,20,2432088,103.9,1,0.0693359375,8.0,1.0,1.224744871391589,12.0,1.5,0.0,0.0,0.0,,0.0,
1.1,6,21,2432125,,0,0.0693359375,8.0,1.0,1.224744871391589,12.0,1.5,0.0,0.0,0.0,,0.0,
1.1,6,22,2432162,,0,0.0693359375,8.0,1.0,1.224744871391589,12.0,1.5,0.0,0.0,0.0,,0.0,
1.1,6,23,2432199,206.70000000000002,1,0.0693359375,8.0,1.0,1.224744871391589,12.0,1.5,0.0,0.0,0.0,,0.0,
1.1,7,0,2432357,,0,0.0712890625,8.0,0.5,1.4306903927824497,16.0,2.0,0.0,0.0,0.0,,0.0,
1.1,7,1,2432394,102.2,1,0.0712890625,8.0,0.5,1.4306903927824497,16.0,2.0,0.0,0.0,0.0,,0.0,
1.1,7,2,2432431,,0,0.0712890625,8.0,0.5,1.4306903927824497,16.0,2.0,0.0,0.0,0.0,,0.0,
1.1,7,3,2432468,,0,0.0712890625,8.0,0.5,1.4306903927824497,16.0,2.0,0.0,0.0,0.0,,0.0,
1.1,7,4,2432505,,0,0.0712890625,8.0,0.5,1.4306903927824497,16.0,2.0,0.0,0.0,0.0,,0.0,
1.1,7,5,2432542,205.3,1,0.0712890625,8.0,0.5,1.4306903927824497,16.0,2.0,0.0,0.0,0.0,,0.0,
1.1,7,6,2432579,181.0,1,0.0712890625,8.0,0.5,1.4306903927824497,16.0,2.0,0.0,0.0,0.0,,0.0,
1.1,7,7,2432616,,0,0.0712890625,8.0,0.5,1.4306903927824497,16.0,2.0,0.0,0.0,0.0,,0.0,
1.1,7,8,2432653,,0,0.0712890625,8.0,0.5,1.4306903927824497,16.0,2.0,0.0,0.0,0.0,,0.0,
1.1,7,9,2432690,,0,0.0712890625,8.0,0.5,1.4306903927824497,16.0,2.0,0.0,0.0,0.0,,0.0,
1.1,7,10,2432727,140.70000000000002,1,0.0712890625,8.0,0.5,1.4306903927824497,16.0,2.0,0.0,0.0,0.0,,0.0,
1.1,7,11,2432764,,0,0.0712890625,8.0,0.5,1.4306903927824497,16.0,2.0,0.0,0.0,0.0,,0.0,
1.1,7,12,2432801,253.70000000000002,1,0.0712890625,8.0,0.5,1.4306903927824497,16.0,2.0,0.0,0.0,0.0,,0.0,
1.1,7,13,2432838,,0,0.0712890625,8.0,0.5,1.4306903927824497,16.0,2.0,0.0,0.0,0.0,,0.0,
1.1,7,14,2432875,192.9,1,0.0712890625,8.0,0.5,1.4306903927824497,16.0,2.0,0.0,0.0,0.0,,0.0,
1.1,7,15,2432912,,0,0.0712890625,8.0,0.5,1.4306903927824497,16.0,2.0,0.0,0.0,0.0,,0.0,
1.1,7,16,2432949,,0,0.0712890625,8.0,0.5,1.4306903927824497,16.0,2.0,0.0,0.0,0.0,,0.0,
1.1,7,17,2432986,296.8,1,0.0712890625,8.0,0.5,1.4306903927824497,16.0,2.0,0.0,0.0,0.0,,0.0,
1.1,7,18,2433023,,0,0.0712890625,8.0,0.5,1.4306903927824497,16.0,2.0,0.0,0.0,0.0,,0.0,
1.1,7,19,2433060,,0,0.0712890625,8.0,0.5,1.4306903927824497,16.0,2.0,0.0,0.0,0.0,,0.0,
1.1,7,20,2433097,,0,0.0712890625,8.0,0.5,1.4306903927824497,16.0,2.0,0.0,0.0,0.0,,0.0,
1.1,7,21,2433134,,0,0.0712890625,8.0,0.5,1.4306903927824497,16.0,2.0,0.0,0.0,0.0,,0.0,
1.1,7,22,2433171,,0,0.0712890625,8.0,0.5,1.4306903927824497,16.0,2.0,0.0,0.0,0.0,,0.0,
1.1,7,23,2433208,,0,0.0712890625,8.0,0.5,1.4306903927824497,16.0,2.0,0.0,0.0,0.0,,0.0,
1.1,8,0,2433366,,0,0.070556640625,11.0,0.4583333333333333,1.827250112931071,22.0,2.0,0.0,0.0,0.0,,0.0,
1.1,8,1,2433403,,0,0.070556640625,11.0,0.4583333333333333,1.827250112931071,22.0,2.0,0.0,0.0,0.0,,0.0,
1.1,8,2,2433440,296.40000000000003,1,0.070556640625,11.0,0.4583333333333333,1.827250112931071,22.0,2.0,0.0,0.0,0.0,,0.0,
1.1,8,3,2433477,,0,0.070556640625,11.0,0.4583333333333333,1.827250112931071,22.0,2.0,0.0,0.0,0.0,,0.0,
1.1,8,4,2433514,,0,0.070556640625,11.0,0.4583333333333333,1.827250112931071,22.0,2.0,0.0,0.0,0.0,,0.0,
1.1,8,5,2433551,,0,0.070556640625,11.0,0.4583333333333333,1.827250112931071,22.0,2.0,0.0,0.0,0.0,,0.0,
1.1,8,6,2433588,,0,0.070556640625,11.0,0.4583333333333333,1.827250112931071,22.0,2.0,0.0,0.0,0.0,,0.0,
1.1,8,7,2433625,,0,0.070556640625,11.0,0.4583333333333333,1.827250112931071,22.0,2.0,0.0,0.0,0.0,,0.0,
1.1,8,8,2433662,160.6,1,0.070556640625,11.0,0.4583333333333333,1.827250112931071,22.0,2.0,0.0,0.0,0.0,,0.0,
1.1,8,9,2433699,,0,0.070556640625,11.0,0.4583333333333333,1.827250112931071,22.0,2.0,0.0,0.0,0.0,,0.0,
1.1,8,10,2433736,,0,0.070556640625,11.0,0.4583333333333333,1.827250112931071,22.0,2.0,0.0,0.0,0.0,,0.0,
1.1,8,11,2433773,,0,0.070556640625,11.0,0.4583333333333333,1.827250112931071,22.0,2.0,0.0,0.0,0.0,,0.0,
1.1,8,12,2433810,171.9,1,0.070556640625,11.0,0.4583333333333333,1.827250112931071,22.0,2.0,0.0,0.0,0.0,,0.0,
1.1,8,13,2433847,,0,0.070556640625,11.0,0.4583333333333333,1.827250112931071,22.0,2.0,0.0,0.0,0.0,,0.0,
1.1,8,14,2433884,,0,0.070556640625,11.0,0.4583333333333333,1.827250112931071,22.0,2.0,0.0,0.0,0.0,,0.0,
1.1,8,15,2433921,,0,0.070556640625,11.0,0.4583333333333333,1.827250112931071,22.0,2.0,0.0,0.0,0.0,,0.0,
1.1,8,16,2433958,,0,0.070556640625,11.0,0.4583333333333333,1.827250112931071,22.0,2.0,0.0,0.0,0.0,,0.0,
1.1,8,17,2433995,,0,0.070556640625,11.0,0.4583333333333333,1.827250112931071,22.0,2.0,0.0,0.0,0.0,,0.0,
1.1,8,18,2434032,249.20000000000002,1,0.070556640625,11.0,0.4583333333333333,1.827250112931071,22.0,2.0,0.0,0.0,0.0,,0.0,
1.1,8,19,2434069,,0,0.070556640625,11.0,0.4583333333333333,1.827250112931071,22.0,2.0,0.0,0.0,0.0,,0.0,
1.1,8,20,2434106,,0,0.070556640625,11.0,0.4583333333333333,1.827250112931071,22.0,2.0,0.0,0.0,0.0,,0.0,
1.1,8,21,2434143,,0,0.070556640625,11.0,0.4583333333333333,1.827250112931071,22.0,2.0,0.0,0.0,0.0,,0.0,
1.1,8,22,2434180,,0,0.070556640625,11.0,0.4583333333333333,1.827250112931071,22.0,2.0,0.0,0.0,0.0,,0.0,
1.1,8,23,2434217,,0,0.070556640625,11.0,0.4583333333333333,1.827250112931071,22.0,2.0,0.0,0.0,0.0,,0.0,
1.1,9,0,2434375,,0,0.0732421875,14.0,0.56,1.672099987245661,22.0,1.5714285714285714,0.0,0.0,0.0,,0.0,
1.1,9,1,2434412,80.7,1,0.0732421875,14.0,0.56,1.672099987245661,22.0,1.5714285714285714,0.0,0.0,0.0,,0.0,
1.1,9,2,2434449,239.1,1,0.0732421875,14.0,0.56,1.672099987245661,22.0,1.5714285714285714,0.0,0.0,0.0,,0.0,
1.1,9,3,2434486,,0,0.0732421875,14.0,0.56,1.672099987245661,22.0,1.5714285714285714,0.0,0.0,0.0,,0.0,
1.1,9,4,2434523,,0,0.0732421875,14.0,0.56,1.672099987245661,22.0,1.5714285714285714,0.0,0.0,0.0,,0.0,
1.1,9,5,2434560,,0,0.0732421875,14.0,0.56,1.672099987245661,22.0,1.5714285714285714,0.0,0.0,0.0,,0.0,
1.1,9,6,2434597,,0,0.0732421875,14.0,0.56,1.672099987245661,22.0,1.5714285714285714,0.0,0.0,0.0,,0.0,
1.1,9,7,2434634,,0,0.0732421875,14.0,0.56,1.672099987245661,22.0,1.5714285714285714,0.0,0.0,0.0,,0.0,
1.1,9,8,2434671,175.5,1,0.0732421875,14.0,0.56,1.672099987245661,22.0,1.5714285714285714,0.0,0.0,0.0,,0.0,
1.1,9,9,2434708,,0,0.0732421875,14.0,0.56,1.672099987245661,22.0,1.5714285714285714,0.0,0.0,0.0,,0.0,
1.1,9,10,2434745,,0,0.0732421875,14.0,0.56,1.672099987245661,22.0,1.5714285714285714,0.0,0.0,0.0,,0.0,
1.1,9,11,2434782,131.6,1,0.0732421875,14.0,0.56,1.672099987245661,22.0,1.5714285714285714,0.0,0.0,0.0,,0.0,
1.1,9,12,2434819,,0,0.0732421875,14.0,0.56,1.672099987245661,22.0,1.5714285714285714,0.0,0.0,0.0,,0.0,
1.1,9,13,2434856,,0,0.0732421875,14.0,0.56,1.672099987245661,22.0,1.5714285714285714,0.0,0.0,0.0,,0.0,
1.1,9,14,2434893,106.3,1,0.0732421875,14.0,0.56,1.672099987245661,22.0,1.5714285714285714,0.0,0.0,0.0,,0.0,
1.1,9,15,2434930,278.6,1,0.0732421875,14.0,0.56,1.672099987245661,22.0,1.5714285714285714,0.0,0.0,0.0,,0.0,
1.1,9,16,2434967,,0,0.0732421875,14.0,0.56,1.672099987245661,22.0,1.5714285714285714,0.0,0.0,0.0,,0.0,
1.1,9,17,2435004,132.6,1,0.0732421875,14.0,0.56,1.672099987245661,22.0,1.5714285714285714,0.0,0.0,0.0,,0.0,
1.1,9,18,2435041,289.6,1,0.0732421875,14.0,0.56,1.672099987245661,22.0,1.5714285714285714,0.0,0.0,0.0,,0.0,
1.1,9,19,2435078,,0,0.0732421875,14.0,0.56,1.672099987245661,22.0,1.5714285714285714,0.0,0.0,0.0,,0.0,
1.1,9,20,2435115,,0,0.0732421875,14.0,0.56,1.672099987245661,22.0,1.5714285714285714,0.0,0.0,0.0,,0.0,
1.1,9,21,2435152,,0,0.0732421875,14.0,0.56,1.672099987245661,22.0,1.5714285714285714,0.0,0.0,0.0,,0.0,
1.1,9,22,2435189,292.90000000000003,1,0.0732421875,14.0,0.56,1.672099987245661,22.0,1.5714285714285714,0.0,0.0,0.0,,0.0,
1.1,9,23,2435226,,0,0.0732421875,14.0,0.56,1.672099987245661,22.0,1.5714285714285714,0.0,0.0,0.0,,0.0,
1.1,10,0,2435384,141.4,1,0.085693359375,17.0,0.5666666666666667,1.8933502281683625,26.0,1.5294117647058822,0.0,0.0,0.0,,0.0,
1.1,10,1,2435421,,0,0.085693359375,17.0,0.5666666666666667,1.8933502281683625,26.0,1.5294117647058822,0.0,0.0,0.0,,0.0,
1.1,10,2,2435458,254.20000000000002,1,0.085693359375,17.0,0.5666666666666667,1.8933502281683625,26.0,1.5294117647058822,0.0,0.0,0.0,,0.0,
1.1,10,3,2435495,,0,0.085693359375,17.0,0.5666666666666667,1.8933502281683625,26.0,1.5294117647058822,0.0,0.0,0.0,,0.0,
1.1,10,4,2435532,,0,0.085693359375,17.0,0.5666666666666667,1.8933502281683625,26.0,1.5294117647058822,0.0,0.0,0.0,,0.0,
1.1,10,5,2435569,,0,0.085693359375,17.0,0.5666666666666667,1.8933502281683625,26.0,1.5294117647058822,0.0,0.0,0.0,,0.0,
1.1,10,6,2435606,,0,0.085693359375,17.0,0.5666666666666667,1.8933502281683625,26.0,1.5294117647058822,0.0,0.0,0.0,,0.0,
1.1,10,7,2435643,,0,0.085693359375,17.0,0.5666666666666667,1.8933502281683625,26.0,1.5294117647058822,0.0,0.0,0.0,,0.0,
1.1,10,8,2435680,252.8,1,0.085693359375,17.0,0.5666666666666667,1.8933502281683625,26.0,1.5294117647058822,0.0,0.0,0.0,,0.0,
1.1,10,9,2435717,255.1,1,0.085693359375,17.0,0.5666666666666667,1.8933502281683625,26.0,1.5294117647058822,0.0,0.0,0.0,,0.0,
1.1,10,10,2435754,,0,0.085693359375,17.0,0.5666666666666667,1.8933502281683625,26.0,1.5294117647058822,0.0,0.0,0.0,,0.0,
1.1,10,11,2435791,,0,0.085693359375,17.0,0.5666666666666667,1.8933502281683625,26.0,1.5294117647058822,0.0,0.0,0.0,,0.0,
1.1,10,12,2435828,,0,0.085693359375,17.0,0.5666666666666667,1.8933502281683625,26.0,1.5294117647058822,0.0,0.0,0.0,,0.0,
1.1,10,13,2435865,120.0,1,0.085693359375,17.0,0.5666666666666667,1.8933502281683625,26.0,1.5294117647058822,0.0,0.0,0.0,,0.0,
1.1,10,14,2435902,288.90000000000003,1,0.085693359375,17.0,0.5666666666666667,1.8933502281683625,26.0,1.5294117647058822,0.0,0.0,0.0,,0.0,
1.1,10,15,2435939,,0,0.085693359375,17.0,0.5666666666666667,1.8933502281683625,26.0,1.5294117647058822,0.0,0.0,0.0,,0.0,
1.1,10,16,2435976,,0,0.085693359375,17.0,0.5666666666666667,1.8933502281683625,26.0,1.5294117647058822,0.0,0.0,0.0,,0.0,
1.1,10,17,2436013,233.3,1,0.085693359375,17.0,0.5666666666666667,1.8933502281683625,26.0,1.5294117647058822,0.0,0.0,0.0,,0.0,
1.1,10,18,2436050,,0,0.085693359375,17.0,0.5666666666666667,1.8933502281683625,26.0,1.5294117647058822,0.0,0.0,0.0,,0.0,
1.1,10,19,2436087,230.20000000000002,1,0.085693359375,17.0,0.5666666666666667,1.8933502281683625,26.0,1.5294117647058822,0.0,0.0,0.0,,0.0,
1.1,10,20,2436124,98.0,1,0.085693359375,17.0,0.5666666666666667,1.8933502281683625,26.0,1.5294117647058822,0.0,0.0,0.0,,0.0,
1.1,10,21,2436161,,0,0.085693359375,17.0,0.5666666666666667,1.8933502281683625,26.0,1.5294117647058822,0.0,0.0,0.0,,0.0,
1.1,10,22,2436198,,0,0.085693359375,17.0,0.5666666666666667,1.8933502281683625,26.0,1.5294117647058822,0.0,0.0,0.0,,0.0,
1.1,10,23,2436235,214.4,1,0.085693359375,17.0,0.5666666666666667,1.8933502281683625,26.0,1.5294117647058822,0.0,0.0,0.0,,0.0,
1.1,11,0,2436393,,0,0.0810546875,16.0,0.5333333333333333,1.7024798089845294,22.0,1.375,0.0,0.0,0.0,,0.0,
1.1,11,1,2436430,201.3,1,0.0810546875,16.0,0.5333333333333333,1.7024798089845294,22.0,1.375,0.0,0.0,0.0,,0.0,
1.1,11,2,2436467,,0,0.0810546875,16.0,0.5333333333333333,1.7024798089845294,22.0,1.375,0.0,0.0,0.0,,0.0,
1.1,11,3,2436504,,0,0.0810546875,16.0,0.5333333333333333,1.7024798089845294,22.0,1.375,0.0,0.0,0.0,,0.0,
1.1,11,4,2436541,275.8,1,0.0810546875,16.0,0.5333333333333333,1.7024798089845294,22.0,1.375,0.0,0.0,0.0,,0.0,
1.1,11,5,2436578,,0,0.0810546875,16.0,0.5333333333333333,1.7024798089845294,22.0,1.375,0.0,0.0,0.0,,0.0,
1.1,11,6,2436615,,0,0.0810546875,16.0,0.5333333333333333,1.7024798089845294,22.0,1.375,0.0,0.0,0.0,,0.0,
1.1,11,7,2436652,184.6,1,0.0810546875,16.0,0.5333333333333333,1.7024798089845294,22.0,1.375,0.0,0.0,0.0,,0.0,
1.1,11,8,2436689,,0,0.0810546875,16.0,0.5333333333333333,1.7024798089845294,22.0,1.375,0.0,0.0,0.0,,0.0,
1.1,11,9,2436726,,0,0.0810546875,16.0,0.5333333333333333,1.7024798089845294,22.0,1.375,0.0,0.0,0.0,,0.0,
1.1,11,10,2436763,,0,0.0810546875,16.0,0.5333333333333333,1.7024798089845294,22.0,1.375,0.0,0.0,0.0,,0.0,
1.1,11,11,2436800,254.0,1,0.0810546875,16.0,0.5333333333333333,1.7024798089845294,22.0,1.375,0.0,0.0,0.0,,0.0,
1.1,11,12,2436837,214.0,1,0.0810546875,16.0,0.5333333333333333,1.7024798089845294,22.0,1.375,0.0,0.0,0.0,,0.0,
1.1,11,13,2436874,,0,0.0810546875,16.0,0.5333333333333333,1.7024798089845294,22.0,1.375,0.0,0.0,0.0,,0.0,
1.1,11,14,2436911,,0,0.0810546875,16.0,0.5333333333333333,1.7024798089845294,22.0,1.375,0.0,0.0,0.0,,0.0,
1.1,11,15,2436948,,0,0.0810546875,16.0,0.5333333333333333,1.7024798089845294,22.0,1.375,0.0,0.0,0.0,,0.0,
1.1,11,16,2436985,,0,0.0810546875,16.0,0.5333333333333333,1.7024798089845294,22.0,1.375,0.0,0.0,0.0,,0.0,
1.1,11,17,2437022,,0,0.0810546875,16.0,0.5333333333333333,1.7024798089845294,22.0,1.375,0.0,0.0,0.0,,0.0,
1.1,11,18,2437059,286.1,1,0.0810546875,16.0,0.5333333333333333,1.7024798089845294,22.0,1.375,0.0,0.0,0.0,,0.0,
1.1,11,19,2437096,87.9,1,0.0810546875,16.0,0.5333333333333333,1.7024798089845294,22.0,1.375,0.0,0.0,0.0,,0.0,
1.1,11,20,2437133,255.70000000000002,1,0.0810546875,16.0,0.5333333333333333,1.7024798089845294,22.0,1.375,0.0,0.0,0.0,,0.0,
1.1,11,21,2437170,274.7,1,0.0810546875,16.0,0.5333333333333333,1.7024798089845294,22.0,1.375,0.0,0.0,0.0,,0.0,
1.1,11,22,2437207,117.8,1,0.0810546875,16.0,0.5333333333333333,1.7024798089845294,22.0,1.375,0.0,0.0,0.0,,0.0,
1.1,11,23,2437244,144.0,1,0.0810546875,16.0,0.5333333333333333,1.7024798089845294,22.0,1.375,0.0,0.0,0.0,,0.0,
1.2,0,0,3425297,,0,0.09228515625,17.0,0.7083333333333334,2.0291986247835694,30.0,1.7647058823529411,0.0,0.0,0.0,,0.0,
1.2,0,1,3425334,,0,0.09228515625,17.0,0.7083333333333334,2.0291986247835694,30.0,1.7647058823529411,0.0,0.0,0.0,,0.0,
1.2,0,2,3425371,236.20000000000002,1,0.09228515625,17.0,0.7083333333333334,2.0291986247835694,30.0,1.7647058823529411,0.0,0.0,0.0,,0.0,
1.2,0,3,3425408,144.5,1,0.09228515625,17.0,0.7083333333333334,2.0291986247835694,30.0,1.7647058823529411,0.0,0.0,0.0,,0.0,
1.2,0,4,3425445,231.6,1,0.09228515625,17.0,0.7083333333333334,2.0291986247835694,30.0,1.7647058823529411,0.0,0.0,0.0,,0.0,
1.2,0,5,3425482,284.8,1,0.09228515625,17.0,0.7083333333333334,2.0291986247835694,30.0,1.7647058823529411,0.0,0.0,0.0,,0.0,
1.2,0,6,3425519,221.6,1,0.09228515625,17.0,0.7083333333333334,2.0291986247835694,30.0,1.7647058823529411,0.0,0.0,0.0,,0.0,
1.2,0,7,3425556,,0,0.09228515625,17.0,0.7083333333333334,2.0291986247835694,30.0,1.7647058823529411,0.0,0.0,0.0,,0.0,
1.2,0,8,3425593,,0,0.09228515625,17.0,0.7083333333333334,2.0291986247835694,30.0,1.7647058823529411,0.0,0.0,0.0,,0.0,
1.2,0,9,3425630,,0,0.09228515625,17.0,0.7083333333333334,2.0291986247835694,30.0,1.7647058823529411,0.0,0.0,0.0,,0.0,
1.2,0,10,3425667,,0,0.09228515625,17.0,0.7083333333333334,2.0291986247835694,30.0,1.7647058823529411,0.0,0.0,0.0,,0.0,
1.2,0,11,3425704,250.70000000000002,1,0.09228515625,17.0,0.7083333333333334,2.0291986247835694,30.0,1.7647058823529411,0.0,0.0,0.0,,0.0,
1.2,0,12,3425741,,0,0.09228515625,17.0,0.7083333333333334,2.0291986247835694,30.0,1.7647058823529411,0.0,0.0,0.0,,0.0,
1.2,0,13,3425778,,0,0.09228515625,17.0,0.7083333333333334,2.0291986247835694,30.0,1.7647058823529411,0.0,0.0,0.0,,0.0,
1.2,0,14,3425815,166.5,1,0.09228515625,17.0,0.7083333333333334,2.0291986247835694,30.0,1.7647058823529411,0.0,0.0,0.0,,0.0,
1.2,0,15,3425852,,0,0.09228515625,17.0,0.7083333333333334,2.0291986247835694,30.0,1.7647058823529411,0.0,0.0,0.0,,0.0,
1.2,0,16,3425889,,0,0.09228515625,17.0,0.7083333333333334,2.0291986247835694,30.0,1.7647058823529411,0.0,0.0,0.0,,0.0,
1.2,0,17,3425926,221.3,1,0.09228515625,17.0,0.7083333333333334,2.0291986247835694,30.0,1.7647058823529411,0.0,0.0,0.0,,0.0,
1.2,0,18,3425963,278.90000000000003,1,0.09228515625,17.0,0.7083333333333334,2.0291986247835694,30.0,1.7647058823529411,0.0,0.0,0.0,,0.0,
1.2,0,19,3426000,,0,0.09228515625,17.0,0.7083333333333334,2.0291986247835694,30.0,1.7647058823529411,0.0,0.0,0.0,,0.0,
1.2,0,20,3426037,,0,0.09228515625,17.0,0.7083333333333334,2.0291986247835694,30.0,1.7647058823529411,0.0,0.0,0.0,,0.0,
1.2,0,21,3426074,,0,0.09228515625,17.0,0.7083333333333334,2.0291986247835694,30.0,1.7647058823529411,0.0,0.0,0.0,,0.0,
1.2,0,22,3426111,218.0,1,0.09228515625,17.0,0.7083333333333334,2.0291986247835694,30.0,1.7647058823529411,0.0,0.0,0.0,,0.0,
1.2,0,23,3426148,,0,0.09228515625,17.0,0.7083333333333334,2.0291986247835694,30.0,1.7647058823529411,0.0,0.0,0.0,,0.0,
1.2,1,0,3426306,,0,0.08837890625,10.0,0.5,1.3892443989449805,18.0,1.8,0.0,0.0,0.0,,0.0,
1.2,1,1,3426343,,0,0.08837890625,10.0,0.5,1.3892443989449805,18.0,1.8,0.0,0.0,0.0,,0.0,
1.2,1,2,3426380,,0,0.08837890625,10.0,0.5,1.3892443989449805,18.0,1.8,0.0,0.0,0.0,,0.0,
1.2,1,3,3426417,,0,0.08837890625,10.0,0.5,1.3892443989449805,18.0,1.8,0.0,0.0,0.0,,0.0,
1.2,1,4,3426454,,0,0.08837890625,10.0,0.5,1.3892443989449805,18.0,1.8,0.0,0.0,0.0,,0.0,
1.2,1,5,3426491,,0,0.08837890625,10.0,0.5,1.3892443989449805,18.0,1.8,0.0,0.0,0.0,,0.0,
1.2,1,6,3426528,,0,0.08837890625,10.0,0.5,1.3892443989449805,18.0,1.8,0.0,0.0,0.0,,0.0,
1.2,1,7,3426565,,0,0.08837890625,10.0,0.5,1.3892443989449805,18.0,1.8,0.0,0.0,0.0,,0.0,
1.2,1,8,3426602,,0,0.08837890625,10.0,0.5,1.3892443989449805,18.0,1.8,0.0,0.0,0.0,,0.0,
1.2,1,9,3426639,286.0,1,0.08837890625,10.0,0.5,1.3892443989449805,18.0,1.8,0.0,0.0,0.0,,0.0,
1.2,1,10,3426676,,0,0.08837890625,10.0,0.5,1.3892443989449805,18.0,1.8,0.0,0.0,0.0,,0.0,
1.2,1,11,3426713,180.70000000000002,1,0.08837890625,10.0,0.5,1.3892443989449805,18.0,1.8,0.0,0.0,0.0,,0.0,
1.2,1,12,3426750,,0,0.08837890625,10.0,0.5,1.3892443989449805,18.0,1.8,0.0,0.0,0.0,,0.0,
1.2,1,13,3426787,,0,0.08837890625,10.0,0.5,1.3892443989449805,18.0,1.8,0.0,0.0,0.0,,0.0,
1.2,1,14,3426824,292.40000000000003,1,0.08837890625,10.0,0.5,1.3892443989449805,18.0,1.8,0.0,0.0,0.0,,0.0,
1.2,1,15,3426861,,0,0.08837890625,10.0,0.5,1.3892443989449805,18.0,1.8,0.0,0.0,0.0,,0.0,
1.2,1,16,3426898,,0,0.08837890625,10.0,0.5,1.3892443989449805,18.0,1.8,0.0,0.0,0.0,,0.0,
1.2,1,17,3426935,116.0,1,0.08837890625,10.0,0.5,1.3892443989449805,18.0,1.8,0.0,0.0,0.0,,0.0,
1.2,1,18,3426972,,0,0.08837890625,10.0,0.5,1.3892443989449805,18.0,1.8,0.0,0.0,0.0,,0.0,
1.2,1,19,3427009,,0,0.08837890625,10.0,0.5,1.3892443989449805,18.0,1.8,0.0,0.0,0.0,,0.0,
1.2,1,20,3427046,,0,0.08837890625,10.0,0.5,1.3892443989449805,18.0,1.8,0.0,0.0,0.0,,0.0,
1.2,1,21,3427083,,0,0.08837890625,10.0,0.5,1.3892443989449805,18.0,1.8,0.0,0.0,0.0,,0.0,
1.2,1,22,3427120,245.4,1,0.08837890625,10.0,0.5,1.3892443989449805,18.0,1.8,0.0,0.0,0.0,,0.0,
1.2,1,23,3427157,,0,0.08837890625,10.0,0.5,1.3892443989449805,18.0,1.8,0.0,0.0,0.0,,0.0,
1.2,2,0,3427315,128.5,1,0.077880859375,11.0,0.7333333333333333,1.5954480704349312,22.0,2.0,0.0,0.0,0.0,,0.0,
1.2,2,1,3427352,,0,0.077880859375,11.0,0.7333333333333333,1.5954480704349312,22.0,2.0,0.0,0.0,0.0,,0.0,
1.2,2,2,3427389,,0,0.077880859375,11.0,0.7333333333333333,1.5954480704349312,22.0,2.0,0.0,0.0,0.0,,0.0,
1.2,2,3,3427426,,0,0.077880859375,11.0,0.7333333333333333,1.5954480704349312,22.0,2.0,0.0,0.0,0.0,,0.0,
1.2,2,4,3427463,179.5,1,0.077880859375,11.0,0.7333333333333333,1.5954480704349312,22.0,2.0,0.0,0.0,0.0,,0.0,
1.2,2,5,3427500,,0,0.077880859375,11.0,0.7333333333333333,1.5954480704349312,22.0,2.0,0.0,0.0,0.0,,0.0,
1.2,2,6,3427537,158.20000000000002,1,0.077880859375,11.0,0.7333333333333333,1.5954480704349312,22.0,2.0,0.0,0.0,0.0,,0.0,
1.2,2,7,3427574,,0,0.077880859375,11.0,0.7333333333333333,1.5954480704349312,22.0,2.0,0.0,0.0,0.0,,0.0,
1.2,2,8,3427611,,0,0.077880859375,11.0,0.7333333333333333,1.5954480704349312,22.0,2.0,0.0,0.0,0.0,,0.0,
1.2,2,9,3427648,,0,0.077880859375,11.0,0.7333333333333333,1.5954480704349312,22.0,2.0,0.0,0.0,0.0,,0.0,
1.2,2,10,3427685,,0,0.077880859375,11.0,0.7333333333333333,1.5954480704349312,22.0,2.0,0.0,0.0,0.0,,0.0,
1.2,2,11,3427722,,0,0.077880859375,11.0,0.7333333333333333,1.5954480704349312,22.0,2.0,0.0,0.0,0.0,,0.0,
1.2,2,12,3427759,,0,0.077880859375,11.0,0.7333333333333333,1.5954480704349312,22.0,2.0,0.0,0.0,0.0,,0.0,
1.2,2,13,3427796,,0,0.077880859375,11.0,0.7333333333333333,1.5954480704349312,22.0,2.0,0.0,0.0,0.0,,0.0,
1.2,2,14,3427833,,0,0.077880859375,11.0,0.7333333333333333,1.5954480704349312,22.0,2.0,0.0,0.0,0.0,,0.0,
1.2,2,15,3427870,106.8,1,0.077880859375,11.0,0.7333333333333333,1.5954480704349312,22.0,2.0,0.0,0.0,0.0,,0.0,
1.2,2,16,3427907,,0,0.077880859375,11.0,0.7333333333333333,1.5954480704349312,22.0,2.0,0.0,0.0,0.0,,0.0,
1.2,2,17,3427944,,0,0.077880859375,11.0,0.7333333333333333,1.5954480704349312,22.0,2.0,0.0,0.0,0.0,,0.0,
1.2,2,18,3427981,,0,0.077880859375,11.0,0.7333333333333333,1.5954480704349312,22.0,2.0,0.0,0.0,0.0,,0.0,
1.2,2,19,3428018,,0,0.077880859375,11.0,0.7333333333333333,1.5954480704349312,22.0,2.0,0.0,0.0,0.0,,0.0,
1.2,2,20,3428055,,0,0.077880859375,11.0,0.7333333333333333,1.5954480704349312,22.0,2.0,0.0,0.0,0.0,,0.0,
1.2,2,21,3428092,210.8,1,0.077880859375,11.0,0.7333333333333333,1.5954480704349312,22.0,2.0,0.0,0.0,0.0,,0.0,
1.2,2,22,3428129,210.8,1,0.077880859375,11.0,0.7333333333333333,1.5954480704349312,22.0,2.0,0.0,0.0,0.0,,0.0,
1.2,2,23,3428166,,0,0.077880859375,11.0,0.7333333333333333,1.5954480704349312,22.0,2.0,0.0,0.0,0.0,,0.0,
1.2,3,0,3428324,136.6,1,0.090087890625,11.0,0.4583333333333333,1.8362736251567415,20.0,1.8181818181818181,0.0,0.0,0.0,,0.0,
1.2,3,1,3428361,236.1,1,0.090087890625,11.0,0.4583333333333333,1.8362736251567415,20.0,1.8181818181818181,0.0,0.0,0.0,,0.0,
1.2,3,2,3428398,,0,0.090087890625,11.0,0.4583333333333333,1.8362736251567415,20.0,1.8181818181818181,0.0,0.0,0.0,,0.0,
1.2,3,3,3428435,,0,0.090087890625,11.0,0.4583333333333333,1.8362736251567415,20.0,1.8181818181818181,0.0,0.0,0.0,,0.0,
1.2,3,4,3428472,,0,0.090087890625,11.0,0.4583333333333333,1.8362736251567415,20.0,1.8181818181818181,0.0,0.0,0.0,,0.0,
1.2,3,5,3428509,133.1,1,0.090087890625,11.0,0.4583333333333333,1.8362736251567415,20.0,1.8181818181818181,0.0,0.0,0.0,,0.0,
1.2,3,6,3428546,,0,0.090087890625,11.0,0.4583333333333333,1.8362736251567415,20.0,1.8181818181818181,0.0,0.0,0.0,,0.0,
1.2,3,7,3428583,,0,0.090087890625,11.0,0.4583333333333333,1.8362736251567415,20.0,1.8181818181818181,0.0,0.0,0.0,,0.0,
1.2,3,8,3428620,,0,0.090087890625,11.0,0.4583333333333333,1.8362736251567415,20.0,1.8181818181818181,0.0,0.0,0.0,,0.0,
1.2,3,9,3428657,112.5,1,0.090087890625,11.0,0.4583333333333333,1.8362736251567415,20.0,1.8181818181818181,0.0,0.0,0.0,,0.0,
1.2,3,10,3428694,,0,0.090087890625,11.0,0.4583333333333333,1.8362736251567415,20.0,1.8181818181818181,0.0,0.0,0.0,,0.0,
1.2,3,11,3428731,,0,0.090087890625,11.0,0.4583333333333333,1.8362736251567415,20.0,1.8181818181818181,0.0,0.0,0.0,,0.0,
1.2,3,12,3428768,201.4,1,0.090087890625,11.0,0.4583333333333333,1.8362736251567415,20.0,1.8181818181818181,0.0,0.0,0.0,,0.0,
1.2,3,13,3428805,291.90000000000003,1,0.090087890625,11.0,0.4583333333333333,1.8362736251567415,20.0,1.8181818181818181,0.0,0.0,0.0,,0.0,
1.2,3,14,3428842,,0,0.090087890625,11.0,0.4583333333333333,1.8362736251567415,20.0,1.8181818181818181,0.0,0.0,0.0,,0.0,
1.2,3,15,3428879,,0,0.090087890625,11.0,0.4583333333333333,1.8362736251567415,20.0,1.8181818181818181,0.0,0.0,0.0,,0.0,
1.2,3,16,3428916,234.0,1,0.090087890625,11.0,0.4583333333333333,1.8362736251567415,20.0,1.8181818181818181,0.0,0.0,0.0,,0.0,
1.2,3,17,3428953,,0,0.090087890625,11.0,0.4583333333333333,1.8362736251567415,20.0,1.8181818181818181,0.0,0.0,0.0,,0.0,
1.2,3,18,3428990,,0,0.090087890625,11.0,0.4583333333333333,1.8362736251567415,20.0,1.8181818181818181,0.0,0.0,0.0,,0.0,
1.2,3,19,3429027,,0,0.090087890625,11.0,0.4583333333333333,1.8362736251567415,20.0,1.8181818181818181,0.0,0.0,0.0,,0.0,
1.2,3,20,3429064,265.6,1,0.090087890625,11.0,0.4583333333333333,1.8362736251567415,20.0,1.8181818181818181,0.0,0.0,0.0,,0.0,
1.2,3,21,3429101,,0,0.090087890625,11.0,0.4583333333333333,1.8362736251567415,20.0,1.8181818181818181,0.0,0.0,0.0,,0.0,
1.2,3,22,3429138,290.90000000000003,1,0.090087890625,11.0,0.4583333333333333,1.8362736251567415,20.0,1.8181818181818181,0.0,0.0,0.0,,0.0,
1.2,3,23,3429175,107.7,1,0.090087890625,11.0,0.4583333333333333,1.8362736251567415,20.0,1.8181818181818181,0.0,0.0,0.0,,0.0,
1.2,4,0,3429333,,0,0.08447265625,12.0,0.4,2.0138409955990957,22.0,1.8333333333333333,0.0,0.0,0.0,,0.0,
1.2,4,1,3429370,51.9,1,0.08447265625,12.0,0.4,2.0138409955990957,22.0,1.8333333333333333,0.0,0.0,0.0,,0.0,
1.2,4,2,3429407,280.2,1,0.08447265625,12.0,0.4,2.0138409955990957,22.0,1.8333333333333333,0.0,0.0,0.0,,0.0,
1.2,4,3,3429444,,0,0.08447265625,12.0,0.4,2.0138409955990957,22.0,1.8333333333333333,0.0,0.0,0.0,,0.0,
1.2,4,4,3429481,,0,0.08447265625,12.0,0.4,2.0138409955990957,22.0,1.8333333333333333,0.0,0.0,0.0,,0.0,
1.2,4,5,3429518,184.8,1,0.08447265625,12.0,0.4,2.0138409955990957,22.0,1.8333333333333333,0.0,0.0,0.0,,0.0,
1.2,4,6,3429555,,0,0.08447265625,12.0,0.4,2.0138409955990957,22.0,1.8333333333333333,0.0,0.0,0.0,,0.0,
1.2,4,7,3429592,,0,0.08447265625,12.0,0.4,2.0138409955990957,22.0,1.8333333333333333,0.0,0.0,0.0,,0.0,
1.2,4,8,3429629,,0,0.08447265625,12.0,0.4,2.0138409955990957,22.0,1.8333333333333333,0.0,0.0,0.0,,0.0,
1.2,4,9,3429666,241.6,1,0.08447265625,12.0,0.4,2.0138409955990957,22.0,1.8333333333333333,0.0,0.0,0.0,,0.0,
1.2,4,10,3429703,102.3,1,0.08447265625,12.0,0.4,2.0138409955990957,22.0,1.8333333333333333,0.0,0.0,0.0,,0.0,
1.2,4,11,3429740,264.2,1,0.08447265625,12.0,0.4,2.0138409955990957,22.0,1.8333333333333333,0.0,0.0,0.0,,0.0,
1.2,4,12,3429777,,0,0.08447265625,12.0,0.4,2.0138409955990957,22.0,1.8333333333333333,0.0,0.0,0.0,,0.0,
1.2,4,13,3429814,246.3,1,0.08447265625,12.0,0.4,2.0138409955990957,22.0,1.8333333333333333,0.0,0.0,0.0,,0.0,
1.2,4,14,3429851,,0,0.08447265625,12.0,0.4,2.0138409955990957,22.0,1.8333333333333333,0.0,0.0,0.0,,0.0,
1.2,4,15,3429888,,0,0.08447265625,12.0,0.4,2.0138409955990957,22.0,1.8333333333333333,0.0,0.0,0.0,,0.0,
1.2,4,16,3429925,,0,0.08447265625,12.0,0.4,2.0138409955990957,22.0,1.8333333333333333,0.0,0.0,0.0,,0.0,
1.2,4,17,3429962,,0,0.08447265625,12.0,0.4,2.0138409955990957,22.0,1.8333333333333333,0.0,0.0,0.0,,0.0,
1.2,4,18,3429999,,0,0.08447265625,12.0,0.4,2.0138409955990957,22.0,1.8333333333333333,0.0,0.0,0.0,,0.0,
1.2,4,19,3430036,,0,0.08447265625,12.0,0.4,2.0138409955990957,22.0,1.8333333333333333,0.0,0.0,0.0,,0.0,
1.2,4,20,3430073,,0,0.08447265625,12.0,0.4,2.0138409955990957,22.0,1.8333333333333333,0.0,0.0,0.0,,0.0,
1.2,4,21,3430110,,0,0.08447265625,12.0,0.4,2.0138409955990957,22.0,1.8333333333333333,0.0,0.0,0.0,,0.0,
1.2,4,22,3430147,,0,0.08447265625,12.0,0.4,2.0138409955990957,22.0,1.8333333333333333,0.0,0.0,0.0,,0.0,
1.2,4,23,3430184,258.2,1,0.08447265625,12.0,0.4,2.0138409955990957,22.0,1.8333333333333333,0.0,0.0,0.0,,0.0,
1.2,5,0,3430342,,0,0.08984375,18.0,0.5142857142857142,2.2511999543727566,30.0,1.6666666666666667,0.0,0.0,0.0,,0.0,
1.2,5,1,3430379,,0,0.08984375,18.0,0.5142857142857142,2.2511999543727566,30.0,1.6666666666666667,0.0,0.0,0.0,,0.0,
1.2,5,2,3430416,,0,0.08984375,18.0,0.5142857142857142,2.2511999543727566,30.0,1.6666666666666667,0.0,0.0,0.0,,0.0,
1.2,5,3,3430453,,0,0.08984375,18.0,0.5142857142857142,2.2511999543727566,30.0,1.6666666666666667,0.0,0.0,0.0,,0.0,
1.2,5,4,3430490,82.60000000000001,1,0.08984375,18.0,0.5142857142857142,2.2511999543727566,30.0,1.6666666666666667,0.0,0.0,0.0,,0.0,
1.2,5,5,3430527,276.40000000000003,1,0.08984375,18.0,0.5142857142857142,2.2511999543727566,30.0,1.6666666666666667,0.0,0.0,0.0,,0.0,
1.2,5,6,3430564,,0,0.08984375,18.0,0.5142857142857142,2.2511999543727566,30.0,1.6666666666666667,0.0,0.0,0.0,,0.0,
1.2,5,7,3430601,,0,0.08984375,18.0,0.5142857142857142,2.2511999543727566,30.0,1.6666666666666667,0.0,0.0,0.0,,0.0,
1.2,5,8,3430638,,0,0.08984375,18.0,0.5142857142857142,2.2511999543727566,30.0,1.6666666666666667,0.0,0.0,0.0,,0.0,
1.2,5,9,3430675,,0,0.08984375,18.0,0.5142857142857142,2.2511999543727566,30.0,1.6666666666666667,0.0,0.0,0.0,,0.0,
1.2,5,10,3430712,,0,0.08984375,18.0,0.5142857142857142,2.2511999543727566,30.0,1.6666666666666667,0.0,0.0,0.0,,0.0,
1.2,5,11,3430749,,0,0.08984375,18.0,0.5142857142857142,2.2511999543727566,30.0,1.6666666666666667,0.0,0.0,0.0,,0.0,
1.2,5,12,3430786,,0,0.08984375,18.0,0.5142857142857142,2.2511999543727566,30.0,1.6666666666666667,0.0,0.0,0.0,,0.0,
1.2,5,13,3430823,,0,0.08984375,18.0,0.5142857142857142,2.2511999543727566,30.0,1.6666666666666667,0.0,0.0,0.0,,0.0,
1.2,5,14,3430860,,0,0.08984375,18.0,0.5142857142857142,2.2511999543727566,30.0,1.6666666666666667,0.0,0.0,0.0,,0.0,
1.2,5,15,3430897,,0,0.08984375,18.0,0.5142857142857142,2.2511999543727566,30.0,1.6666666666666667,0.0,0.0,0.0,,0.0,
1.2,5,16,3430934,96.5,1,0.08984375,18.0,0.5142857142857142,2.2511999543727566,30.0,1.6666666666666667,0.0,0.0,0.0,,0.0,
1.2,5,17,3430971,99.0,1,0.08984375,18.0,0.5142857142857142,2.2511999543727566,30.0,1.6666666666666667,0.0,0.0,0.0,,0.0,
1.2,5,18,3431008,,0,0.08984375,18.0,0.5142857142857142,2.2511999543727566,30.0,1.6666666666666667,0.0,0.0,0.0,,0.0,
1.2,5,19,3431045,,0,0.08984375,18.0,0.5142857142857142,2.2511999543727566,30.0,1.6666666666666667,0.0,0.0,0.0,,0.0,
1.2,5,20,3431082,103.2,1,0.08984375,18.0,0.5142857142857142,2.2511999543727566,30.0,1.6666666666666667,0.0,0.0,0.0,,0.0,
1.2,5,21,3431119,,0,0.08984375,18.0,0.5142857142857142,2.2511999543727566,30.0,1.6666666666666667,0.0,0.0,0.0,,0.0,
1.2,5,22,3431156,128.4,1,0.08984375,18.0,0.5142857142857142,2.2511999543727566,30.0,1.6666666666666667,0.0,0.0,0.0,,0.0,
1.2,5,23,3431193,,0,0.08984375,18.0,0.5142857142857142,2.2511999543727566,30.0,1.6666666666666667,0.0,0.0,0.0,,0.0,
1.2,6,0,3431351,,0,0.088623046875,9.0,0.75,1.286204100310025,16.0,1.7777777777777777,0.0,0.0,0.0,,0.0,
1.2,6,1,3431388,,0,0.088623046875,9.0,0.75,1.286204100310025,16.0,1.7777777777777777,0.0,0.0,0.0,,0.0,
1.2,6,2,3431425,167.3,1,0.088623046875,9.0,0.75,1.286204100310025,16.0,1.7777777777777777,0.0,0.0,0.0,,0.0,
1.2,6,3,3431462,294.1,1,0.088623046875,9.0,0.75,1.286204100310025,16.0,1.7777777777777777,0.0,0.0,0.0,,0.0,
1.2,6,4,3431499,,0,0.088623046875,9.0,0.75,1.286204100310025,16.0,1.7777777777777777,0.0,0.0,0.0,,0.0,
1.2,6,5,3431536,,0,0.088623046875,9.0,0.75,1.286204100310025,16.0,1.7777777777777777,0.0,0.0,0.0,,0.0,
1.2,6,6,3431573,,0,0.088623046875,9.0,0.75,1.286204100310025,16.0,1.7777777777777777,0.0,0.0,0.0,,0.0,
1.2,6,7,3431610,,0,0.088623046875,9.0,0.75,1.286204100310025,16.0,1.7777777777777777,0.0,0.0,0.0,,0.0,
1.2,6,8,3431647,,0,0.088623046875,9.0,0.75,1.286204100310025,16.0,1.7777777777777777,0.0,0.0,0.0,,0.0,
1.2,6,9,3431684,,0,0.088623046875,9.0,0.75,1.286204100310025,16.0,1.7777777777777777,0.0,0.0,0.0,,0.0,
1.2,6,10,3431721,,0,0.088623046875,9.0,0.75,1.286204100310025,16.0,1.7777777777777777,0.0,0.0,0.0,,0.0,
1.2,6,11,3431758,,0,0.088623046875,9.0,0.75,1.286204100310025,16.0,1.7777777777777777,0.0,0.0,0.0,,0.0,
1.2,6,12,3431795,,0,0.088623046875,9.0,0.75,1.286204100310025,16.0,1.7777777777777777,0.0,0.0,0.0,,0.0,
1.2,6,13,3431832,,0,0.088623046875,9.0,0.75,1.286204100310025,16.0,1.7777777777777777,0.0,0.0,0.0,,0.0,
1.2,6,14,3431869,,0,0.088623046875,9.0,0.75,1.286204100310025,16.0,1.7777777777777777,0.0,0.0,0.0,,0.0,
1.2,6,15,3431906,116.60000000000001,1,0.088623046875,9.0,0.75,1.286204100310025,16.0,1.7777777777777777,0.0,0.0,0.0,,0.0,
1.2,6,16,3431943,130.4,1,0.088623046875,9.0,0.75,1.286204100310025,16.0,1.7777777777777777,0.0,0.0,0.0,,0.0,
1.2,6,17,3431980,,0,0.088623046875,9.0,0.75,1.286204100310025,16.0,1.7777777777777777,0.0,0.0,0.0,,0.0,
1.2,6,18,3432017,,0,0.088623046875,9.0,0.75,1.286204100310025,16.0,1.7777777777777777,0.0,0.0,0.0,,0.0,
1.2,6,19,3432054,,0,0.088623046875,9.0,0.75,1.286204100310025,16.0,1.7777777777777777,0.0,0.0,0.0,,0.0,
1.2,6,20,3432091,,0,0.088623046875,9.0,0.75,1.286204100310025,16.0,1.7777777777777777,0.0,0.0,0.0,,0.0,
1.2,6,21,3432128,,0,0.088623046875,9.0,0.75,1.286204100310025,16.0,1.7777777777777777,0.0,0.0,0.0,,0.0,
1.2,6,22,3432165,,0,0.088623046875,9.0,0.75,1.286204100310025,16.0,1.7777777777777777,0.0,0.0,0.0,,0.0,
1.2,6,23,3432202,,0,0.088623046875,9.0,0.75,1.286204100310025,16.0,1.7777777777777777,0.0,0.0,0.0,,0.0,
1.2,7,0,3432360,,0,0.09033203125,12.0,0.8,1.467234738471584,16.0,1.3333333333333333,0.0,0.0,0.0,,0.0,
1.2,7,1,3432397,,0,0.09033203125,12.0,0.8,1.467234738471584,16.0,1.3333333333333333,0.0,0.0,0.0,,0.0,
1.2,7,2,3432434,,0,0.09033203125,12.0,0.8,1.467234738471584,16.0,1.3333333333333333,0.0,0.0,0.0,,0.0,
1.2,7,3,3432471,,0,0.09033203125,12.0,0.8,1.467234738471584,16.0,1.3333333333333333,0.0,0.0,0.0,,0.0,
1.2,7,4,3432508,,0,0.09033203125,12.0,0.8,1.467234738471584,16.0,1.3333333333333333,0.0,0.0,0.0,,0.0,
1.2,7,5,3432545,,0,0.09033203125,12.0,0.8,1.467234738471584,16.0,1.3333333333333333,0.0,0.0,0.0,,0.0,
1.2,7,6,3432582,,0,0.09033203125,12.0,0.8,1.467234738471584,16.0,1.3333333333333333,0.0,0.0,0.0,,0.0,
1.2,7,7,3432619,,0,0.09033203125,12.0,0.8,1.467234738471584,16.0,1.3333333333333333,0.0,0.0,0.0,,0.0,
1.2,7,8,3432656,152.4,1,0.09033203125,12.0,0.8,1.467234738471584,16.0,1.3333333333333333,0.0,0.0,0.0,,0.0,
1.2,7,9,3432693,239.4,1,0.09033203125,12.0,0.8,1.467234738471584,16.0,1.3333333333333333,0.0,0.0,0.0,,0.0,
1.2,7,10,3432730,,0,0.09033203125,12.0,0.8,1.467234738471584,16.0,1.3333333333333333,0.0,0.0,0.0,,0.0,
1.2,7,11,3432767,194.0,1,0.09033203125,12.0,0.8,1.467234738471584,16.0,1.3333333333333333,0.0,0.0,0.0,,0.0,
1.2,7,12,3432804,,0,0.09033203125,12.0,0.8,1.467234738471584,16.0,1.3333333333333333,0.0,0.0,0.0,,0.0,
1.2,7,13,3432841,,0,0.09033203125,12.0,0.8,1.467234738471584,16.0,1.3333333333333333,0.0,0.0,0.0,,0.0,
1.2,7,14,3432878,,0,0.09033203125,12.0,0.8,1.467234738471584,16.0,1.3333333333333333,0.0,0.0,0.0,,0.0,
1.2,7,15,3432915,179.3,1,0.09033203125,12.0,0.8,1.467234738471584,16.0,1.3333333333333333,0.0,0.0,0.0,,0.0,
1.2,7,16,3432952,,0,0.09033203125,12.0,0.8,1.467234738471584,16.0,1.3333333333333333,0.0,0.0,0.0,,0.0,
1.2,7,17,3432989,,0,0.09033203125,12.0,0.8,1.467234738471584,16.0,1.3333333333333333,0.0,0.0,0.0,,0.0,
1.2,7,18,3433026,,0,0.09033203125,12.0,0.8,1.467234738471584,16.0,1.3333333333333333,0.0,0.0,0.0,,0.0,
1.2,7,19,3433063,,0,0.09033203125,12.0,0.8,1.467234738471584,16.0,1.3333333333333333,0.0,0.0,0.0,,0.0,
1.2,7,20,3433100,,0,0.09033203125,12.0,0.8,1.467234738471584,16.0,1.3333333333333333,0.0,0.0,0.0,,0.0,
1.2,7,21,3433137,193.8,1,0.09033203125,12.0,0.8,1.467234738471584,16.0,1.3333333333333333,0.0,0.0,0.0,,0.0,
1.2,7,22,3433174,,0,0.09033203125,12.0,0.8,1.467234738471584,16.0,1.3333333333333333,0.0,0.0,0.0,,0.0,
1.2,7,23,3433211,,0,0.09033203125,12.0,0.8,1.467234738471584,16.0,1.3333333333333333,0.0,0.0,0.0,,0.0,
1.2,8,0,3433369,,0,0.0986328125,11.0,0.44,1.8181818181818181,20.0,1.8181818181818181,0.0,0.0,0.0,,0.0,
1.2,8,1,3433406,,0,0.0986328125,11.0,0.44,1.8181818181818181,20.0,1.8181818181818181,0.0,0.0,0.0,,0.0,
1.2,8,2,3433443,248.6,1,0.0986328125,11.0,0.44,1.8181818181818181,20.0,1.8181818181818181,0.0,0.0,0.0,,0.0,
1.2,8,3,3433480,,0,0.0986328125,11.0,0.44,1.8181818181818181,20.0,1.8181818181818181,0.0,0.0,0.0,,0.0,
1.2,8,4,3433517,,0,0.0986328125,11.0,0.44,1.8181818181818181,20.0,1.8181818181818181,0.0,0.0,0.0,,0.0,
1.2,8,5,3433554,,0,0.0986328125,11.0,0.44,1.8181818181818181,20.0,1.8181818181818181,0.0,0.0,0.0,,0.0,
1.2,8,6,3433591,,0,0.0986328125,11.0,0.44,1.8181818181818181,20.0,1.8181818181818181,0.0,0.0,0.0,,0.0,
1.2,8,7,3433628,,0,0.0986328125,11.0,0.44,1.8181818181818181,20.0,1.8181818181818181,0.0,0.0,0.0,,0.0,
1.2,8,8,3433665,,0,0.0986328125,11.0,0.44,1.8181818181818181,20.0,1.8181818181818181,0.0,0.0,0.0,,0.0,
1.2,8,9,3433702,,0,0.0986328125,11.0,0.44,1.8181818181818181,20.0,1.8181818181818181,0.0,0.0,0.0,,0.0,
1.2,8,10,3433739,184.3,1,0.0986328125,11.0,0.44,1.8181818181818181,20.0,1.8181818181818181,0.0,0.0,0.0,,0.0,
1.2,8,11,3433776,297.1,1,0.0986328125,11.0,0.44,1.8181818181818181,20.0,1.8181818181818181,0.0,0.0,0.0,,0.0,
1.2,8,12,3433813,,0,0.0986328125,11.0,0.44,1.8181818181818181,20.0,1.8181818181818181,0.0,0.0,0.0,,0.0,
1.2,8,13,3433850,148.9,1,0.0986328125,11.0,0.44,1.8181818181818181,20.0,1.8181818181818181,0.0,0.0,0.0,,0.0,
1.2,8,14,3433887,,0,0.0986328125,11.0,0.44,1.8181818181818181,20.0,1.8181818181818181,0.0,0.0,0.0,,0.0,
1.2,8,15,3433924,277.8,1,0.0986328125,11.0,0.44,1.8181818181818181,20.0,1.8181818181818181,0.0,0.0,0.0,,0.0,
1.2,8,16,3433961,,0,0.0986328125,11.0,0.44,1.8181818181818181,20.0,1.8181818181818181,0.0,0.0,0.0,,0.0,
1.2,8,17,3433998,141.0,1,0.0986328125,11.0,0.44,1.8181818181818181,20.0,1.8181818181818181,0.0,0.0,0.0,,0.0,
1.2,8,18,3434035,,0,0.0986328125,11.0,0.44,1.8181818181818181,20.0,1.8181818181818181,0.0,0.0,0.0,,0.0,
1.2,8,19,3434072,,0,0.0986328125,11.0,0.44,1.8181818181818181,20.0,1.8181818181818181,0.0,0.0,0.0,,0.0,
1.2,8,20,3434109,107.4,1,0.0986328125,11.0,0.44,1.8181818181818181,20.0,1.8181818181818181,0.0,0.0,0.0,,0.0,
1.2,8,21,3434146,99.3,1,0.0986328125,11.0,0.44,1.8181818181818181,20.0,1.8181818181818181,0.0,0.0,0.0,,0.0,
1.2,8,22,3434183,,0,0.0986328125,11.0,0.44,1.8181818181818181,20.0,1.8181818181818181,0.0,0.0,0.0,,0.0,
1.2,8,23,3434220,,0,0.0986328125,11.0,0.44,1.8181818181818181,20.0,1.8181818181818181,0.0,0.0,0.0,,0.0,
1.2,9,0,3434378,,0,0.09033203125,7.0,0.5833333333333334,1.2453996981544782,14.0,2.0,0.0,0.0,0.0,,0.0,
1.2,9,1,3434415,,0,0.09033203125,7.0,0.5833333333333334,1.2453996981544782,14.0,2.0,0.0,0.0,0.0,,0.0,
1.2,9,2,3434452,,0,0.09033203125,7.0,0.5833333333333334,1.2453996981544782,14.0,2.0,0.0,0.0,0.0,,0.0,
1.2,9,3,3434489,166.8,1,0.09033203125,7.0,0.5833333333333334,1.2453996981544782,14.0,2.0,0.0,0.0,0.0,,0.0,
1.2,9,4,3434526,,0,0.09033203125,7.0,0.5833333333333334,1.2453996981544782,14.0,2.0,0.0,0.0,0.0,,0.0,
1.2,9,5,3434563,,0,0.09033203125,7.0,0.5833333333333334,1.2453996981544782,14.0,2.0,0.0,0.0,0.0,,0.0,
1.2,9,6,3434600,,0,0.09033203125,7.0,0.5833333333333334,1.2453996981544782,14.0,2.0,0.0,0.0,0.0,,0.0,
1.2,9,7,3434637,,0,0.09033203125,7.0,0.5833333333333334,1.2453996981544782,14.0,2.0,0.0,0.0,0.0,,0.0,
1.2,9,8,3434674,,0,0.09033203125,7.0,0.5833333333333334,1.2453996981544782,14.0,2.0,0.0,0.0,0.0,,0.0,
1.2,9,9,3434711,,0,0.09033203125,7.0,0.5833333333333334,1.2453996981544782,14.0,2.0,0.0,0.0,0.0,,0.0,
1.2,9,10,3434748,,0,0.09033203125,7.0,0.5833333333333334,1.2453996981544782,14.0,2.0,0.0,0.0,0.0,,0.0,
1.2,9,11,3434785,,0,0.09033203125,7.0,0.5833333333333334,1.2453996981544782,14.0,2.0,0.0,0.0,0.0,,0.0,
1.2,9,12,3434822,,0,0.09033203125,7.0,0.5833333333333334,1.2453996981544782,14.0,2.0,0.0,0.0,0.0,,0.0,
1.2,9,13,3434859,,0,0.09033203125,7.0,0.5833333333333334,1.2453996981544782,14.0,2.0,0.0,0.0,0.0,,0.0,
1.2,9,14,3434896,,0,0.09033203125,7.0,0.5833333333333334,1.2453996981544782,14.0,2.0,0.0,0.0,0.0,,0.0,
1.2,9,15,3434933,,0,0.09033203125,7.0,0.5833333333333334,1.2453996981544782,14.0,2.0,0.0,0.0,0.0,,0.0,
1.2,9,16,3434970,,0,0.09033203125,7.0,0.5833333333333334,1.2453996981544782,14.0,2.0,0.0,0.0,0.0,,0.0,
1.2,9,17,3435007,,0,0.09033203125,7.0,0.5833333333333334,1.2453996981544782,14.0,2.0,0.0,0.0,0.0,,0.0,
1.2,9,18,3435044,,0,0.09033203125,7.0,0.5833333333333334,1.2453996981544782,14.0,2.0,0.0,0.0,0.0,,0.0,
1.2,9,19,3435081,,0,0.09033203125,7.0,0.5833333333333334,1.2453996981544782,14.0,2.0,0.0,0.0,0.0,,0.0,
1.2,9,20,3435118,270.7,1,0.09033203125,7.0,0.5833333333333334,1.2453996981544782,14.0,2.0,0.0,0.0,0.0,,0.0,
1.2,9,21,3435155,,0,0.09033203125,7.0,0.5833333333333334,1.2453996981544782,14.0,2.0,0.0,0.0,0.0,,0.0,
1.2,9,22,3435192,,0,0.09033203125,7.0,0.5833333333333334,1.2453996981544782,14.0,2.0,0.0,0.0,0.0,,0.0,
1.2,9,23,3435229,79.7,1,0.09033203125,7.0,0.5833333333333334,1.2453996981544782,14.0,2.0,0.0,0.0,0.0,,0.0,
1.2,10,0,3435387,79.7,1,0.085693359375,17.0,0.4722222222222222,2.1693045781865616,32.0,1.8823529411764706,0.0,0.0,0.0,,0.0,
1.2,10,1,3435424,,0,0.085693359375,17.0,0.4722222222222222,2.1693045781865616,32.0,1.8823529411764706,0.0,0.0,0.0,,0.0,
1.2,10,2,3435461,181.4,1,0.085693359375,17.0,0.4722222222222222,2.1693045781865616,32.0,1.8823529411764706,0.0,0.0,0.0,,0.0,
1.2,10,3,3435498,136.9,1,0.085693359375,17.0,0.4722222222222222,2.1693045781865616,32.0,1.8823529411764706,0.0,0.0,0.0,,0.0,
1.2,10,4,3435535,188.5,1,0.085693359375,17.0,0.4722222222222222,2.1693045781865616,32.0,1.8823529411764706,0.0,0.0,0.0,,0.0,
1.2,10,5,3435572,78.7,1,0.085693359375,17.0,0.4722222222222222,2.1693045781865616,32.0,1.8823529411764706,0.0,0.0,0.0,,0.0,
1.2,10,6,3435609,135.9,1,0.085693359375,17.0,0.4722222222222222,2.1693045781865616,32.0,1.8823529411764706,0.0,0.0,0.0,,0.0,
1.2,10,7,3435646,,0,0.085693359375,17.0,0.4722222222222222,2.1693045781865616,32.0,1.8823529411764706,0.0,0.0,0.0,,0.0,
1.2,10,8,3435683,261.2,1,0.085693359375,17.0,0.4722222222222222,2.1693045781865616,32.0,1.8823529411764706,0.0,0.0,0.0,,0.0,
1.2,10,9,3435720,137.5,1,0.085693359375,17.0,0.4722222222222222,2.1693045781865616,32.0,1.8823529411764706,0.0,0.0,0.0,,0.0,
1.2,10,10,3435757,,0,0.085693359375,17.0,0.4722222222222222,2.1693045781865616,32.0,1.8823529411764706,0.0,0.0,0.0,,0.0,
1.2,10,11,3435794,238.0,1,0.085693359375,17.0,0.4722222222222222,2.1693045781865616,32.0,1.8823529411764706,0.0,0.0,0.0,,0.0,
1.2,10,12,3435831,,0,0.085693359375,17.0,0.4722222222222222,2.1693045781865616,32.0,1.8823529411764706,0.0,0.0,0.0,,0.0,
1.2,10,13,3435868,,0,0.085693359375,17.0,0.4722222222222222,2.1693045781865616,32.0,1.8823529411764706,0.0,0.0,0.0,,0.0,
1.2,10,14,3435905,,0,0.085693359375,17.0,0.4722222222222222,2.1693045781865616,32.0,1.8823529411764706,0.0,0.0,0.0,,0.0,
1.2,10,15,3435942,,0,0.085693359375,17.0,0.4722222222222222,2.1693045781865616,32.0,1.8823529411764706,0.0,0.0,0.0,,0.0,
1.2,10,16,3435979,,0,0.085693359375,17.0,0.4722222222222222,2.1693045781865616,32.0,1.8823529411764706,0.0,0.0,0.0,,0.0,
1.2,10,17,3436016,127.3,1,0.085693359375,17.0,0.4722222222222222,2.1693045781865616,32.0,1.8823529411764706,0.0,0.0,0.0,,0.0,
1.2,10,18,3436053,277.8,1,0.085693359375,17.0,0.4722222222222222,2.1693045781865616,32.0,1.8823529411764706,0.0,0.0,0.0,,0.0,
1.2,10,19,3436090,,0,0.085693359375,17.0,0.4722222222222222,2.1693045781865616,32.0,1.8823529411764706,0.0,0.0,0.0,,0.0,
1.2,10,20,3436127,,0,0.085693359375,17.0,0.4722222222222222,2.1693045781865616,32.0,1.8823529411764706,0.0,0.0,0.0,,0.0,
1.2,10,21,3436164,237.3,1,0.085693359375,17.0,0.4722222222222222,2.1693045781865616,32.0,1.8823529411764706,0.0,0.0,0.0,,0.0,
1.2,10,22,3436201,,0,0.085693359375,17.0,0.4722222222222222,2.1693045781865616,32.0,1.8823529411764706,0.0,0.0,0.0,,0.0,
1.2,10,23,3436238,178.20000000000002,1,0.085693359375,17.0,0.4722222222222222,2.1693045781865616,32.0,1.8823529411764706,0.0,0.0,0.0,,0.0,
1.2,11,0,3436396,,0,0.091064453125,10.0,0.5,1.5099668870541498,18.0,1.8,0.0,0.0,0.0,,0.0,
1.2,11,1,3436433,,0,0.091064453125,10.0,0.5,1.5099668870541498,18.0,1.8,0.0,0.0,0.0,,0.0,
1.2,11,2,3436470,,0,0.091064453125,10.0,0.5,1.5099668870541498,18.0,1.8,0.0,0.0,0.0,,0.0,
1.2,11,3,3436507,,0,0.091064453125,10.0,0.5,1.5099668870541498,18.0,1.8,0.0,0.0,0.0,,0.0,
1.2,11,4,3436544,290.7,1,0.091064453125,10.0,0.5,1.5099668870541498,18.0,1.8,0.0,0.0,0.0,,0.0,
1.2,11,5,3436581,,0,0.091064453125,10.0,0.5,1.5099668870541498,18.0,1.8,0.0,0.0,0.0,,0.0,
1.2,11,6,3436618,,0,0.091064453125,10.0,0.5,1.5099668870541498,18.0,1.8,0.0,0.0,0.0,,0.0,
1.2,11,7,3436655,171.5,1,0.091064453125,10.0,0.5,1.5099668870541498,18.0,1.8,0.0,0.0,0.0,,0.0,
1.2,11,8,3436692,176.20000000000002,1,0.091064453125,10.0,0.5,1.5099668870541498,18.0,1.8,0.0,0.0,0.0,,0.0,
1.2,11,9,3436729,,0,0.091064453125,10.0,0.5,1.5099668870541498,18.0,1.8,0.0,0.0,0.0,,0.0,
1.2,11,10,3436766,,0,0.091064453125,10.0,0.5,1.5099668870541498,18.0,1.8,0.0,0.0,0.0,,0.0,
1.2,11,11,3436803,,0,0.091064453125,10.0,0.5,1.5099668870541498,18.0,1.8,0.0,0.0,0.0,,0.0,
1.2,11,12,3436840,201.1,1,0.091064453125,10.0,0.5,1.5099668870541498,18.0,1.8,0.0,0.0,0.0,,0.0,
1.2,11,13,3436877,,0,0.091064453125,10.0,0.5,1.5099668870541498,18.0,1.8,0.0,0.0,0.0,,0.0,
1.2,11,14,3436914,236.8,1,0.091064453125,10.0,0.5,1.5099668870541498,18.0,1.8,0.0,0.0,0.0,,0.0,
1.2,11,15,3436951,261.7,1,0.091064453125,10.0,0.5,1.5099668870541498,18.0,1.8,0.0,0.0,0.0,,0.0,
1.2,11,16,3436988,293.40000000000003,1,0.091064453125,10.0,0.5,1.5099668870541498,18.0,1.8,0.0,0.0,0.0,,0.0,
1.2,11,17,3437025,,0,0.091064453125,10.0,0.5,1.5099668870541498,18.0,1.8,0.0,0.0,0.0,,0.0,
1.2,11,18,3437062,,0,0.091064453125,10.0,0.5,1.5099668870541498,18.0,1.8,0.0,0.0,0.0,,0.0,
1.2,11,19,3437099,243.4,1,0.091064453125,10.0,0.5,1.5099668870541498,18.0,1.8,0.0,0.0,0.0,,0.0,
1.2,11,20,3437136,,0,0.091064453125,10.0,0.5,1.5099668870541498,18.0,1.8,0.0,0.0,0.0,,0.0,
1.2,11,21,3437173,,0,0.091064453125,10.0,0.5,1.5099668870541498,18.0,1.8,0.0,0.0,0.0,,0.0,
1.2,11,22,3437210,,0,0.091064453125,10.0,0.5,1.5099668870541498,18.0,1.8,0.0,0.0,0.0,,0.0,
1.2,11,23,3437247,,0,0.091064453125,10.0,0.5,1.5099668870541498,18.0,1.8,0.0,0.0,0.0,,0.0,
1.5,0,0,4425300,,0,0.1201171875,11.0,0.4583333333333333,1.7953106961937726,22.0,2.0,0.0,0.0,0.0,,0.0,
1.5,0,1,4425337,74.0,1,0.1201171875,11.0,0.4583333333333333,1.7953106961937726,22.0,2.0,0.0,0.0,0.0,,0.0,
1.5,0,2,4425374,164.70000000000002,1,0.1201171875,11.0,0.4583333333333333,1.7953106961937726,22.0,2.0,0.0,0.0,0.0,,0.0,
1.5,0,3,4425411,,0,0.1201171875,11.0,0.4583333333333333,1.7953106961937726,22.0,2.0,0.0,0.0,0.0,,0.0,
1.5,0,4,4425448,,0,0.1201171875,11.0,0.4583333333333333,1.7953106961937726,22.0,2.0,0.0,0.0,0.0,,0.0,
1.5,0,5,4425485,,0,0.1201171875,11.0,0.4583333333333333,1.7953106961937726,22.0,2.0,0.0,0.0,0.0,,0.0,
1.5,0,6,4425522,,0,0.1201171875,11.0,0.4583333333333333,1.7953106961937726,22.0,2.0,0.0,0.0,0.0,,0.0,
1.5,0,7,4425559,,0,0.1201171875,11.0,0.4583333333333333,1.7953106961937726,22.0,2.0,0.0,0.0,0.0,,0.0,
1.5,0,8,4425596,,0,0.1201171875,11.0,0.4583333333333333,1.7953106961937726,22.0,2.0,0.0,0.0,0.0,,0.0,
1.5,0,9,4425633,,0,0.1201171875,11.0,0.4583333333333333,1.7953106961937726,22.0,2.0,0.0,0.0,0.0,,0.0,
1.5,0,10,4425670,205.20000000000002,1,0.1201171875,11.0,0.4583333333333333,1.7953106961937726,22.0,2.0,0.0,0.0,0.0,,0.0,
1.5,0,11,4425707,,0,0.1201171875,11.0,0.4583333333333333,1.7953106961937726,22.0,2.0,0.0,0.0,0.0,,0.0,
1.5,0,12,4425744,,0,0.1201171875,11.0,0.4583333333333333,1.7953106961937726,22.0,2.0,0.0,0.0,0.0,,0.0,
1.5,0,13,4425781,290.3,1,0.1201171875,11.0,0.4583333333333333,1.7953106961937726,22.0,2.0,0.0,0.0,0.0,,0.0,
1.5,0,14,4425818,,0,0.1201171875,11.0,0.4583333333333333,1.7953106961937726,22.0,2.0,0.0,0.0,0.0,,0.0,
1.5,0,15,4425855,,0,0.1201171875,11.0,0.4583333333333333,1.7953106961937726,22.0,2.0,0.0,0.0,0.0,,0.0,
1.5,0,16,4425892,,0,0.1201171875,11.0,0.4583333333333333,1.7953106961937726,22.0,2.0,0.0,0.0,0.0,,0.0,
1.5,0,17,4425929,,0,0.1201171875,11.0,0.4583333333333333,1.7953106961937726,22.0,2.0,0.0,0.0,0.0,,0.0,
1.5,0,18,4425966,,0,0.1201171875,11.0,0.4583333333333333,1.7953106961937726,22.0,2.0,0.0,0.0,0.0,,0.0,
1.5,0,19,4426003,,0,0.1201171875,11.0,0.4583333333333333,1.7953106961937726,22.0,2.0,0.0,0.0,0.0,,0.0,
1.5,0,20,4426040,203.0,1,0.1201171875,11.0,0.4583333333333333,1.7953106961937726,22.0,2.0,0.0,0.0,0.0,,0.0,
1.5,0,21,4426077,157.3,1,0.1201171875,11.0,0.4583333333333333,1.7953106961937726,22.0,2.0,0.0,0.0,0.0,,0.0,
1.5,0,22,4426114,,0,0.1201171875,11.0,0.4583333333333333,1.7953106961937726,22.0,2.0,0.0,0.0,0.0,,0.0,
1.5,0,23,4426151,,0,0.1201171875,11.0,0.4583333333333333,1.7953106961937726,22.0,2.0,0.0,0.0,0.0,,0.0,
1.5,1,0,4426309,,0,0.1318359375,24.0,0.5,2.494090237162864,40.0,1.6666666666666667,0.0,0.0,0.0,,0.0,
1.5,1,1,4426346,,0,0.1318359375,24.0,0.5,2.494090237162864,40.0,1.6666666666666667,0.0,0.0,0.0,,0.0,
1.5,1,2,4426383,,0,0.1318359375,24.0,0.5,2.494090237162864,40.0,1.6666666666666667,0.0,0.0,0.0,,0.0,
1.5,1,3,4426420,,0,0.1318359375,24.0,0.5,2.494090237162864,40.0,1.6666666666666667,0.0,0.0,0.0,,0.0,
1.5,1,4,4426457,,0,0.1318359375,24.0,0.5,2.494090237162864,40.0,1.6666666666666667,0.0,0.0,0.0,,0.0,
1.5,1,5,4426494,,0,0.1318359375,24.0,0.5,2.494090237162864,40.0,1.6666666666666667,0.0,0.0,0.0,,0.0,
1.5,1,6,4426531,,0,0.1318359375,24.0,0.5,2.494090237162864,40.0,1.6666666666666667,0.0,0.0,0.0,,0.0,
1.5,1,7,4426568,,0,0.1318359375,24.0,0.5,2.494090237162864,40.0,1.6666666666666667,0.0,0.0,0.0,,0.0,
1.5,1,8,4426605,88.5,1,0.1318359375,24.0,0.5,2.494090237162864,40.0,1.6666666666666667,0.0,0.0,0.0,,0.0,
1.5,1,9,4426642,,0,0.1318359375,24.0,0.5,2.494090237162864,40.0,1.6666666666666667,0.0,0.0,0.0,,0.0,
1.5,1,10,4426679,,0,0.1318359375,24.0,0.5,2.494090237162864,40.0,1.6666666666666667,0.0,0.0,0.0,,0.0,
1.5,1,11,4426716,,0,0.1318359375,24.0,0.5,2.494090237162864,40.0,1.6666666666666667,0.0,0.0,0.0,,0.0,
1.5,1,12,4426753,,0,0.1318359375,24.0,0.5,2.494090237162864,40.0,1.6666666666666667,0.0,0.0,0.0,,0.0,
1.5,1,13,4426790,,0,0.1318359375,24.0,0.5,2.494090237162864,40.0,1.6666666666666667,0.0,0.0,0.0,,0.0,
1.5,1,14,4426827,,0,0.1318359375,24.0,0.5,2.494090237162864,40.0,1.6666666666666667,0.0,0.0,0.0,,0.0,
1.5,1,15,4426864,,0,0.1318359375,24.0,0.5,2.494090237162864,40.0,1.6666666666666667,0.0,0.0,0.0,,0.0,
1.5,1,16,4426901,,0,0.1318359375,24.0,0.5,2.494090237162864,40.0,1.6666666666666667,0.0,0.0,0.0,,0.0,
1.5,1,17,4426938,,0,0.1318359375,24.0,0.5,2.494090237162864,40.0,1.6666666666666667,0.0,0.0,0.0,,0.0,
1.5,1,18,4426975,,0,0.1318359375,24.0,0.5,2.494090237162864,40.0,1.6666666666666667,0.0,0.0,0.0,,0.0,
1.5,1,19,4427012,,0,0.1318359375,24.0,0.5,2.494090237162864,40.0,1.6666666666666667,0.0,0.0,0.0,,0.0,
1.5,1,20,4427049,255.1,1,0.1318359375,24.0,0.5,2.494090237162864,40.0,1.6666666666666667,0.0,0.0,0.0,,0.0,
1.5,1,21,4427086,,0,0.1318359375,24.0,0.5,2.494090237162864,40.0,1.6666666666666667,0.0,0.0,0.0,,0.0,
1.5,1,22,4427123,101.3,1,0.1318359375,24.0,0.5,2.494090237162864,40.0,1.6666666666666667,0.0,0.0,0.0,,0.0,
1.5,1,23,4427160,,0,0.1318359375,24.0,0.5,2.494090237162864,40.0,1.6666666666666667,0.0,0.0,0.0,,0.0,
1.5,2,0,4427318,,0,0.12744140625,24.0,0.2962962962962963,3.29008400770828,48.0,2.0,0.0,0.0,0.0,,0.0,
1.5,2,1,4427355,175.9,1,0.12744140625,24.0,0.2962962962962963,3.29008400770828,48.0,2.0,0.0,0.0,0.0,,0.0,
1.5,2,2,4427392,,0,0.12744140625,24.0,0.2962962962962963,3.29008400770828,48.0,2.0,0.0,0.0,0.0,,0.0,
1.5,2,3,4427429,261.0,1,0.12744140625,24.0,0.2962962962962963,3.29008400770828,48.0,2.0,0.0,0.0,0.0,,0.0,
1.5,2,4,4427466,166.9,1,0.12744140625,24.0,0.2962962962962963,3.29008400770828,48.0,2.0,0.0,0.0,0.0,,0.0,
1.5,2,5,4427503,,0,0.12744140625,24.0,0.2962962962962963,3.29008400770828,48.0,2.0,0.0,0.0,0.0,,0.0,
1.5,2,6,4427540,174.5,1,0.12744140625,24.0,0.2962962962962963,3.29008400770828,48.0,2.0,0.0,0.0,0.0,,0.0,
1.5,2,7,4427577,294.6,1,0.12744140625,24.0,0.2962962962962963,3.29008400770828,48.0,2.0,0.0,0.0,0.0,,0.0,
1.5,2,8,4427614,,0,0.12744140625,24.0,0.2962962962962963,3.29008400770828,48.0,2.0,0.0,0.0,0.0,,0.0,
1.5,2,9,4427651,,0,0.12744140625,24.0,0.2962962962962963,3.29008400770828,48.0,2.0,0.0,0.0,0.0,,0.0,
1.5,2,10,4427688,213.1,1,0.12744140625,24.0,0.2962962962962963,3.29008400770828,48.0,2.0,0.0,0.0,0.0,,0.0,
1.5,2,11,4427725,141.8,1,0.12744140625,24.0,0.2962962962962963,3.29008400770828,48.0,2.0,0.0,0.0,0.0,,0.0,
1.5,2,12,4427762,,0,0.12744140625,24.0,0.2962962962962963,3.29008400770828,48.0,2.0,0.0,0.0,0.0,,0.0,
1.5,2,13,4427799,134.9,1,0.12744140625,24.0,0.2962962962962963,3.29008400770828,48.0,2.0,0.0,0.0,0.0,,0.0,
1.5,2,14,4427836,,0,0.12744140625,24.0,0.2962962962962963,3.29008400770828,48.0,2.0,0.0,0.0,0.0,,0.0,
1.5,2,15,4427873,,0,0.12744140625,24.0,0.2962962962962963,3.29008400770828,48.0,2.0,0.0,0.0,0.0,,0.0,
1.5,2,16,4427910,,0,0.12744140625,24.0,0.2962962962962963,3.29008400770828,48.0,2.0,0.0,0.0,0.0,,0.0,
1.5,2,17,4427947,,0,0.12744140625,24.0,0.2962962962962963,3.29008400770828,48.0,2.0,0.0,0.0,0.0,,0.0,
1.5,2,18,4427984,186.4,1,0.12744140625,24.0,0.2962962962962963,3.29008400770828,48.0,2.0,0.0,0.0,0.0,,0.0,
1.5,2,19,4428021,,0,0.12744140625,24.0,0.2962962962962963,3.29008400770828,48.0,2.0,0.0,0.0,0.0,,0.0,
1.5,2,20,4428058,,0,0.12744140625,24.0,0.2962962962962963,3.29008400770828,48.0,2.0,0.0,0.0,0.0,,0.0,
1.5,2,21,4428095,,0,0.12744140625,24.0,0.2962962962962963,3.29008400770828,48.0,2.0,0.0,0.0,0.0,,0.0,
1.5,2,22,4428132,210.20000000000002,1,0.12744140625,24.0,0.2962962962962963,3.29008400770828,48.0,2.0,0.0,0.0,0.0,,0.0,
1.5,2,23,4428169,,0,0.12744140625,24.0,0.2962962962962963,3.29008400770828,48.0,2.0,0.0,0.0,0.0,,0.0,
1.5,3,0,4428327,,0,0.130859375,20.0,0.40816326530612246,2.308137777516758,32.0,1.6,0.0,0.0,0.0,,0.0,
1.5,3,1,4428364,74.4,1,0.130859375,20.0,0.40816326530612246,2.308137777516758,32.0,1.6,0.0,0.0,0.0,,0.0,
1.5,3,2,4428401,,0,0.130859375,20.0,0.40816326530612246,2.308137777516758,32.0,1.6,0.0,0.0,0.0,,0.0,
1.5,3,3,4428438,,0,0.130859375,20.0,0.40816326530612246,2.308137777516758,32.0,1.6,0.0,0.0,0.0,,0.0,
1.5,3,4,4428475,,0,0.130859375,20.0,0.40816326530612246,2.308137777516758,32.0,1.6,0.0,0.0,0.0,,0.0,
1.5,3,5,4428512,,0,0.130859375,20.0,0.40816326530612246,2.308137777516758,32.0,1.6,0.0,0.0,0.0,,0.0,
1.5,3,6,4428549,219.4,1,0.130859375,20.0,0.40816326530612246,2.308137777516758,32.0,1.6,0.0,0.0,0.0,,0.0,
1.5,3,7,4428586,,0,0.130859375,20.0,0.40816326530612246,2.308137777516758,32.0,1.6,0.0,0.0,0.0,,0.0,
1.5,3,8,4428623,,0,0.130859375,20.0,0.40816326530612246,2.308137777516758,32.0,1.6,0.0,0.0,0.0,,0.0,
1.5,3,9,4428660,269.2,1,0.130859375,20.0,0.40816326530612246,2.308137777516758,32.0,1.6,0.0,0.0,0.0,,0.0,
1.5,3,10,4428697,200.20000000000002,1,0.130859375,20.0,0.40816326530612246,2.308137777516758,32.0,1.6,0.0,0.0,0.0,,0.0,
1.5,3,11,4428734,198.1,1,0.130859375,20.0,0.40816326530612246,2.308137777516758,32.0,1.6,0.0,0.0,0.0,,0.0,
1.5,3,12,4428771,,0,0.130859375,20.0,0.40816326530612246,2.308137777516758,32.0,1.6,0.0,0.0,0.0,,0.0,
1.5,3,13,4428808,226.6,1,0.130859375,20.0,0.40816326530612246,2.308137777516758,32.0,1.6,0.0,0.0,0.0,,0.0,
1.5,3,14,4428845,236.20000000000002,1,0.130859375,20.0,0.40816326530612246,2.308137777516758,32.0,1.6,0.0,0.0,0.0,,0.0,
1.5,3,15,4428882,,0,0.130859375,20.0,0.40816326530612246,2.308137777516758,32.0,1.6,0.0,0.0,0.0,,0.0,
1.5,3,16,4428919,,0,0.130859375,20.0,0.40816326530612246,2.308137777516758,32.0,1.6,0.0,0.0,0.0,,0.0,
1.5,3,17,4428956,98.5,1,0.130859375,20.0,0.40816326530612246,2.308137777516758,32.0,1.6,0.0,0.0,0.0,,0.0,
1.5,3,18,4428993,267.9,1,0.130859375,20.0,0.40816326530612246,2.308137777516758,32.0,1.6,0.0,0.0,0.0,,0.0,
1.5,3,19,4429030,,0,0.130859375,20.0,0.40816326530612246,2.308137777516758,32.0,1.6,0.0,0.0,0.0,,0.0,
1.5,3,20,4429067,183.70000000000002,1,0.130859375,20.0,0.40816326530612246,2.308137777516758,32.0,1.6,0.0,0.0,0.0,,0.0,
1.5,3,21,4429104,,0,0.130859375,20.0,0.40816326530612246,2.308137777516758,32.0,1.6,0.0,0.0,0.0,,0.0,
1.5,3,22,4429141,276.0,1,0.130859375,20.0,0.40816326530612246,2.308137777516758,32.0,1.6,0.0,0.0,0.0,,0.0,
1.5,3,23,4429178,,0,0.130859375,20.0,0.40816326530612246,2.308137777516758,32.0,1.6,0.0,0.0,0.0,,0.0,
1.5,4,0,4429336,,0,0.132080078125,21.0,0.5,2.380952380952381,30.0,1.4285714285714286,0.0,0.0,0.0,,0.0,
1.5,4,1,4429373,,0,0.132080078125,21.0,0.5,2.380952380952381,30.0,1.4285714285714286,0.0,0.0,0.0,,0.0,
1.5,4,2,4429410,,0,0.132080078125,21.0,0.5,2.380952380952381,30.0,1.4285714285714286,0.0,0.0,0.0,,0.0,
1.5,4,3,4429447,,0,0.132080078125,21.0,0.5,2.380952380952381,30.0,1.4285714285714286,0.0,0.0,0.0,,0.0,
1.5,4,4,4429484,162.1,1,0.132080078125,21.0,0.5,2.380952380952381,30.0,1.4285714285714286,0.0,0.0,0.0,,0.0,
1.5,4,5,4429521,,0,0.132080078125,21.0,0.5,2.380952380952381,30.0,1.4285714285714286,0.0,0.0,0.0,,0.0,
1.5,4,6,4429558,,0,0.132080078125,21.0,0.5,2.380952380952381,30.0,1.4285714285714286,0.0,0.0,0.0,,0.0,
1.5,4,7,4429595,,0,0.132080078125,21.0,0.5,2.380952380952381,30.0,1.4285714285714286,0.0,0.0,0.0,,0.0,
1.5,4,8,4429632,,0,0.132080078125,21.0,0.5,2.380952380952381,30.0,1.4285714285714286,0.0,0.0,0.0,,0.0,
1.5,4,9,4429669,,0,0.132080078125,21.0,0.5,2.380952380952381,30.0,1.4285714285714286,0.0,0.0,0.0,,0.0,
1.5,4,10,4429706,,0,0.132080078125,21.0,0.5,2.380952380952381,30.0,1.4285714285714286,0.0,0.0,0.0,,0.0,
1.5,4,11,4429743,,0,0.132080078125,21.0,0.5,2.380952380952381,30.0,1.4285714285714286,0.0,0.0,0.0,,0.0,
1.5,4,12,4429780,285.7,1,0.132080078125,21.0,0.5,2.380952380952381,30.0,1.4285714285714286,0.0,0.0,0.0,,0.0,
1.5,4,13,4429817,,0,0.132080078125,21.0,0.5,2.380952380952381,30.0,1.4285714285714286,0.0,0.0,0.0,,0.0,
1.5,4,14,4429854,,0,0.132080078125,21.0,0.5,2.380952380952381,30.0,1.4285714285714286,0.0,0.0,0.0,,0.0,
1.5,4,15,4429891,,0,0.132080078125,21.0,0.5,2.380952380952381,30.0,1.4285714285714286,0.0,0.0,0.0,,0.0,
1.5,4,16,4429928,164.3,1,0.132080078125,21.0,0.5,2.380952380952381,30.0,1.4285714285714286,0.0,0.0,0.0,,0.0,
1.5,4,17,4429965,,0,0.132080078125,21.0,0.5,2.380952380952381,30.0,1.4285714285714286,0.0,0.0,0.0,,0.0,
1.5,4,18,4430002,159.5,1,0.132080078125,21.0,0.5,2.380952380952381,30.0,1.4285714285714286,0.0,0.0,0.0,,0.0,
1.5,4,19,4430039,247.9,1,0.132080078125,21.0,0.5,2.380952380952381,30.0,1.4285714285714286,0.0,0.0,0.0,,0.0,
1.5,4,20,4430076,,0,0.132080078125,21.0,0.5,2.380952380952381,30.0,1.4285714285714286,0.0,0.0,0.0,,0.0,
1.5,4,21,4430113,,0,0.132080078125,21.0,0.5,2.380952380952381,30.0,1.4285714285714286,0.0,0.0,0.0,,0.0,
1.5,4,22,4430150,,0,0.132080078125,21.0,0.5,2.380952380952381,30.0,1.4285714285714286,0.0,0.0,0.0,,0.0,
1.5,4,23,4430187,134.0,1,0.132080078125,21.0,0.5,2.380952380952381,30.0,1.4285714285714286,0.0,0.0,0.0,,0.0,
1.5,5,0,4430345,,0,0.11572265625,10.0,0.4166666666666667,1.9621416870348585,20.0,2.0,0.0,0.0,0.0,,0.0,
1.5,5,1,4430382,,0,0.11572265625,10.0,0.4166666666666667,1.9621416870348585,20.0,2.0,0.0,0.0,0.0,,0.0,
1.5,5,2,4430419,293.40000000000003,1,0.11572265625,10.0,0.4166666666666667,1.9621416870348585,20.0,2.0,0.0,0.0,0.0,,0.0,
1.5,5,3,4430456,,0,0.11572265625,10.0,0.4166666666666667,1.9621416870348585,20.0,2.0,0.0,0.0,0.0,,0.0,
1.5,5,4,4430493,,0,0.11572265625,10.0,0.4166666666666667,1.9621416870348585,20.0,2.0,0.0,0.0,0.0,,0.0,
1.5,5,5,4430530,,0,0.11572265625,10.0,0.4166666666666667,1.9621416870348585,20.0,2.0,0.0,0.0,0.0,,0.0,
1.5,5,6,4430567,,0,0.11572265625,10.0,0.4166666666666667,1.9621416870348585,20.0,2.0,0.0,0.0,0.0,,0.0,
1.5,5,7,4430604,,0,0.11572265625,10.0,0.4166666666666667,1.9621416870348585,20.0,2.0,0.0,0.0,0.0,,0.0,
1.5,5,8,4430641,,0,0.11572265625,10.0,0.4166666666666667,1.9621416870348585,20.0,2.0,0.0,0.0,0.0,,0.0,
1.5,5,9,4430678,162.4,1,0.11572265625,10.0,0.4166666666666667,1.9621416870348585,20.0,2.0,0.0,0.0,0.0,,0.0,
1.5,5,10,4430715,,0,0.11572265625,10.0,0.4166666666666667,1.9621416870348585,20.0,2.0,0.0,0.0,0.0,,0.0,
1.5,5,11,4430752,,0,0.11572265625,10.0,0.4166666666666667,1.9621416870348585,20.0,2.0,0.0,0.0,0.0,,0.0,
1.5,5,12,4430789,,0,0.11572265625,10.0,0.4166666666666667,1.9621416870348585,20.0,2.0,0.0,0.0,0.0,,0.0,
1.5,5,13,4430826,,0,0.11572265625,10.0,0.4166666666666667,1.9621416870348585,20.0,2.0,0.0,0.0,0.0,,0.0,
1.5,5,14,4430863,,0,0.11572265625,10.0,0.4166666666666667,1.9621416870348585,20.0,2.0,0.0,0.0,0.0,,0.0,
1.5,5,15,4430900,,0,0.11572265625,10.0,0.4166666666666667,1.9621416870348585,20.0,2.0,0.0,0.0,0.0,,0.0,
1.5,5,16,4430937,,0,0.11572265625,10.0,0.4166666666666667,1.9621416870348585,20.0,2.0,0.0,0.0,0.0,,0.0,
1.5,5,17,4430974,,0,0.11572265625,10.0,0.4166666666666667,1.9621416870348585,20.0,2.0,0.0,0.0,0.0,,0.0,
1.5,5,18,4431011,,0,0.11572265625,10.0,0.4166666666666667,1.9621416870348585,20.0,2.0,0.0,0.0,0.0,,0.0,
1.5,5,19,4431048,,0,0.11572265625,10.0,0.4166666666666667,1.9621416870348585,20.0,2.0,0.0,0.0,0.0,,0.0,
1.5,5,20,4431085,,0,0.11572265625,10.0,0.4166666666666667,1.9621416870348585,20.0,2.0,0.0,0.0,0.0,,0.0,
1.5,5,21,4431122,,0,0.11572265625,10.0,0.4166666666666667,1.9621416870348585,20.0,2.0,0.0,0.0,0.0,,0.0,
1.5,5,22,4431159,146.3,1,0.11572265625,10.0,0.4166666666666667,1.9621416870348585,20.0,2.0,0.0,0.0,0.0,,0.0,
1.5,5,23,4431196,298.1,1,0.11572265625,10.0,0.4166666666666667,1.9621416870348585,20.0,2.0,0.0,0.0,0.0,,0.0,
1.5,6,0,4431354,,0,0.14404296875,15.0,0.5357142857142857,2.072036035722674,28.0,1.8666666666666667,0.0,0.0,0.0,,0.0,
1.5,6,1,4431391,258.7,1,0.14404296875,15.0,0.5357142857142857,2.072036035722674,28.0,1.8666666666666667,0.0,0.0,0.0,,0.0,
1.5,6,2,4431428,,0,0.14404296875,15.0,0.5357142857142857,2.072036035722674,28.0,1.8666666666666667,0.0,0.0,0.0,,0.0,
1.5,6,3,4431465,213.5,1,0.14404296875,15.0,0.5357142857142857,2.072036035722674,28.0,1.8666666666666667,0.0,0.0,0.0,,0.0,
1.5,6,4,4431502,,0,0.14404296875,15.0,0.5357142857142857,2.072036035722674,28.0,1.8666666666666667,0.0,0.0,0.0,,0.0,
1.5,6,5,4431539,258.4,1,0.14404296875,15.0,0.5357142857142857,2.072036035722674,28.0,1.8666666666666667,0.0,0.0,0.0,,0.0,
1.5,6,6,4431576,,0,0.14404296875,15.0,0.5357142857142857,2.072036035722674,28.0,1.8666666666666667,0.0,0.0,0.0,,0.0,
1.5,6,7,4431613,155.6,1,0.14404296875,15.0,0.5357142857142857,2.072036035722674,28.0,1.8666666666666667,0.0,0.0,0.0,,0.0,
1.5,6,8,4431650,116.5,1,0.14404296875,15.0,0.5357142857142857,2.072036035722674,28.0,1.8666666666666667,0.0,0.0,0.0,,0.0,
1.5,6,9,4431687,,0,0.14404296875,15.0,0.5357142857142857,2.072036035722674,28.0,1.8666666666666667,0.0,0.0,0.0,,0.0,
1.5,6,10,4431724,,0,0.14404296875,15.0,0.5357142857142857,2.072036035722674,28.0,1.8666666666666667,0.0,0.0,0.0,,0.0,
1.5,6,11,4431761,231.8,1,0.14404296875,15.0,0.5357142857142857,2.072036035722674,28.0,1.8666666666666667,0.0,0.0,0.0,,0.0,
1.5,6,12,4431798,174.4,1,0.14404296875,15.0,0.5357142857142857,2.072036035722674,28.0,1.8666666666666667,0.0,0.0,0.0,,0.0,
1.5,6,13,4431835,104.10000000000001,1,0.14404296875,15.0,0.5357142857142857,2.072036035722674,28.0,1.8666666666666667,0.0,0.0,0.0,,0.0,
1.5,6,14,4431872,213.8,1,0.14404296875,15.0,0.5357142857142857,2.072036035722674,28.0,1.8666666666666667,0.0,0.0,0.0,,0.0,
1.5,6,15,4431909,211.5,1,0.14404296875,15.0,0.5357142857142857,2.072036035722674,28.0,1.8666666666666667,0.0,0.0,0.0,,0.0,
1.5,6,16,4431946,,0,0.14404296875,15.0,0.5357142857142857,2.072036035722674,28.0,1.8666666666666667,0.0,0.0,0.0,,0.0,
1.5,6,17,4431983,,0,0.14404296875,15.0,0.5357142857142857,2.072036035722674,28.0,1.8666666666666667,0.0,0.0,0.0,,0.0,
1.5,6,18,4432020,,0,0.14404296875,15.0,0.5357142857142857,2.072036035722674,28.0,1.8666666666666667,0.0,0.0,0.0,,0.0,
1.5,6,19,4432057,,0,0.14404296875,15.0,0.5357142857142857,2.072036035722674,28.0,1.8666666666666667,0.0,0.0,0.0,,0.0,
1.5,6,20,4432094,,0,0.14404296875,15.0,0.5357142857142857,2.072036035722674,28.0,1.8666666666666667,0.0,0.0,0.0,,0.0,
1.5,6,21,4432131,,0,0.14404296875,15.0,0.5357142857142857,2.072036035722674,28.0,1.8666666666666667,0.0,0.0,0.0,,0.0,
1.5,6,22,4432168,204.4,1,0.14404296875,15.0,0.5357142857142857,2.072036035722674,28.0,1.8666666666666667,0.0,0.0,0.0,,0.0,
1.5,6,23,4432205,173.5,1,0.14404296875,15.0,0.5357142857142857,2.072036035722674,28.0,1.8666666666666667,0.0,0.0,0.0,,0.0,
1.5,7,0,4432363,,0,0.12939453125,15.0,0.4166666666666667,2.1123972690339814,26.0,1.7333333333333334,0.0,0.0,0.0,,0.0,
1.5,7,1,4432400,,0,0.12939453125,15.0,0.4166666666666667,2.1123972690339814,26.0,1.7333333333333334,0.0,0.0,0.0,,0.0,
1.5,7,2,4432437,,0,0.12939453125,15.0,0.4166666666666667,2.1123972690339814,26.0,1.7333333333333334,0.0,0.0,0.0,,0.0,
1.5,7,3,4432474,,0,0.12939453125,15.0,0.4166666666666667,2.1123972690339814,26.0,1.7333333333333334,0.0,0.0,0.0,,0.0,
1.5,7,4,4432511,,0,0.12939453125,15.0,0.4166666666666667,2.1123972690339814,26.0,1.7333333333333334,0.0,0.0,0.0,,0.0,
1.5,7,5,4432548,,0,0.12939453125,15.0,0.4166666666666667,2.1123972690339814,26.0,1.7333333333333334,0.0,0.0,0.0,,0.0,
1.5,7,6,4432585,,0,0.12939453125,15.0,0.4166666666666667,2.1123972690339814,26.0,1.7333333333333334,0.0,0.0,0.0,,0.0,
1.5,7,7,4432622,125.2,1,0.12939453125,15.0,0.4166666666666667,2.1123972690339814,26.0,1.7333333333333334,0.0,0.0,0.0,,0.0,
1.5,7,8,4432659,214.3,1,0.12939453125,15.0,0.4166666666666667,2.1123972690339814,26.0,1.7333333333333334,0.0,0.0,0.0,,0.0,
1.5,7,9,4432696,,0,0.12939453125,15.0,0.4166666666666667,2.1123972690339814,26.0,1.7333333333333334,0.0,0.0,0.0,,0.0,
1.5,7,10,4432733,,0,0.12939453125,15.0,0.4166666666666667,2.1123972690339814,26.0,1.7333333333333334,0.0,0.0,0.0,,0.0,
1.5,7,11,4432770,,0,0.12939453125,15.0,0.4166666666666667,2.1123972690339814,26.0,1.7333333333333334,0.0,0.0,0.0,,0.0,
1.5,7,12,4432807,,0,0.12939453125,15.0,0.4166666666666667,2.1123972690339814,26.0,1.7333333333333334,0.0,0.0,0.0,,0.0,
1.5,7,13,4432844,,0,0.12939453125,15.0,0.4166666666666667,2.1123972690339814,26.0,1.7333333333333334,0.0,0.0,0.0,,0.0,
1.5,7,14,4432881,,0,0.12939453125,15.0,0.4166666666666667,2.1123972690339814,26.0,1.7333333333333334,0.0,0.0,0.0,,0.0,
1.5,7,15,4432918,213.0,1,0.12939453125,15.0,0.4166666666666667,2.1123972690339814,26.0,1.7333333333333334,0.0,0.0,0.0,,0.0,
1.5,7,16,4432955,232.8,1,0.12939453125,15.0,0.4166666666666667,2.1123972690339814,26.0,1.7333333333333334,0.0,0.0,0.0,,0.0,
1.5,7,17,4432992,,0,0.12939453125,15.0,0.4166666666666667,2.1123972690339814,26.0,1.7333333333333334,0.0,0.0,0.0,,0.0,
1.5,7,18,4433029,,0,0.12939453125,15.0,0.4166666666666667,2.1123972690339814,26.0,1.7333333333333334,0.0,0.0,0.0,,0.0,
1.5,7,19,4433066,,0,0.12939453125,15.0,0.4166666666666667,2.1123972690339814,26.0,1.7333333333333334,0.0,0.0,0.0,,0.0,
1.5,7,20,4433103,,0,0.12939453125,15.0,0.4166666666666667,2.1123972690339814,26.0,1.7333333333333334,0.0,0.0,0.0,,0.0,
1.5,7,21,4433140,,0,0.12939453125,15.0,0.4166666666666667,2.1123972690339814,26.0,1.7333333333333334,0.0,0.0,0.0,,0.0,
1.5,7,22,4433177,108.0,1,0.12939453125,15.0,0.4166666666666667,2.1123972690339814,26.0,1.7333333333333334,0.0,0.0,0.0,,0.0,
1.5,7,23,4433214,274.7,1,0.12939453125,15.0,0.4166666666666667,2.1123972690339814,26.0,1.7333333333333334,0.0,0.0,0.0,,0.0,
1.5,8,0,4433372,,0,0.13720703125,18.0,0.5,2.0374578689880276,32.0,1.7777777777777777,0.0,0.0,0.0,,0.0,
1.5,8,1,4433409,,0,0.13720703125,18.0,0.5,2.0374578689880276,32.0,1.7777777777777777,0.0,0.0,0.0,,0.0,
1.5,8,2,4433446,95.10000000000001,1,0.13720703125,18.0,0.5,2.0374578689880276,32.0,1.7777777777777777,0.0,0.0,0.0,,0.0,
1.5,8,3,4433483,141.9,1,0.13720703125,18.0,0.5,2.0374578689880276,32.0,1.7777777777777777,0.0,0.0,0.0,,0.0,
1.5,8,4,4433520,84.5,1,0.13720703125,18.0,0.5,2.0374578689880276,32.0,1.7777777777777777,0.0,0.0,0.0,,0.0,
1.5,8,5,4433557,,0,0.13720703125,18.0,0.5,2.0374578689880276,32.0,1.7777777777777777,0.0,0.0,0.0,,0.0,
1.5,8,6,4433594,,0,0.13720703125,18.0,0.5,2.0374578689880276,32.0,1.7777777777777777,0.0,0.0,0.0,,0.0,
1.5,8,7,4433631,159.9,1,0.13720703125,18.0,0.5,2.0374578689880276,32.0,1.7777777777777777,0.0,0.0,0.0,,0.0,
1.5,8,8,4433668,,0,0.13720703125,18.0,0.5,2.0374578689880276,32.0,1.7777777777777777,0.0,0.0,0.0,,0.0,
1.5,8,9,4433705,,0,0.13720703125,18.0,0.5,2.0374578689880276,32.0,1.7777777777777777,0.0,0.0,0.0,,0.0,
1.5,8,10,4433742,,0,0.13720703125,18.0,0.5,2.0374578689880276,32.0,1.7777777777777777,0.0,0.0,0.0,,0.0,
1.5,8,11,4433779,252.6,1,0.13720703125,18.0,0.5,2.0374578689880276,32.0,1.7777777777777777,0.0,0.0,0.0,,0.0,
1.5,8,12,4433816,,0,0.13720703125,18.0,0.5,2.0374578689880276,32.0,1.7777777777777777,0.0,0.0,0.0,,0.0,
1.5,8,13,4433853,,0,0.13720703125,18.0,0.5,2.0374578689880276,32.0,1.7777777777777777,0.0,0.0,0.0,,0.0,
1.5,8,14,4433890,,0,0.13720703125,18.0,0.5,2.0374578689880276,32.0,1.7777777777777777,0.0,0.0,0.0,,0.0,
1.5,8,15,4433927,,0,0.13720703125,18.0,0.5,2.0374578689880276,32.0,1.7777777777777777,0.0,0.0,0.0,,0.0,
1.5,8,16,4433964,,0,0.13720703125,18.0,0.5,2.0374578689880276,32.0,1.7777777777777777,0.0,0.0,0.0,,0.0,
1.5,8,17,4434001,,0,0.13720703125,18.0,0.5,2.0374578689880276,32.0,1.7777777777777777,0.0,0.0,0.0,,0.0,
1.5,8,18,4434038,267.6,1,0.13720703125,18.0,0.5,2.0374578689880276,32.0,1.7777777777777777,0.0,0.0,0.0,,0.0,
1.5,8,19,4434075,,0,0.13720703125,18.0,0.5,2.0374578689880276,32.0,1.7777777777777777,0.0,0.0,0.0,,0.0,
1.5,8,20,4434112,,0,0.13720703125,18.0,0.5,2.0374578689880276,32.0,1.7777777777777777,0.0,0.0,0.0,,0.0,
1.5,8,21,4434149,,0,0.13720703125,18.0,0.5,2.0374578689880276,32.0,1.7777777777777777,0.0,0.0,0.0,,0.0,
1.5,8,22,4434186,273.5,1,0.13720703125,18.0,0.5,2.0374578689880276,32.0,1.7777777777777777,0.0,0.0,0.0,,0.0,
1.5,8,23,4434223,,0,0.13720703125,18.0,0.5,2.0374578689880276,32.0,1.7777777777777777,0.0,0.0,0.0,,0.0,
1.5,9,0,4434381,160.70000000000002,1,0.111328125,11.0,0.55,1.6464336614795303,22.0,2.0,0.0,0.0,0.0,,0.0,
1.5,9,1,4434418,255.4,1,0.111328125,11.0,0.55,1.6464336614795303,22.0,2.0,0.0,0.0,0.0,,0.0,
1.5,9,2,4434455,203.1,1,0.111328125,11.0,0.55,1.6464336614795303,22.0,2.0,0.0,0.0,0.0,,0.0,
1.5,9,3,4434492,,0,0.111328125,11.0,0.55,1.6464336614795303,22.0,2.0,0.0,0.0,0.0,,0.0,
1.5,9,4,4434529,,0,0.111328125,11.0,0.55,1.6464336614795303,22.0,2.0,0.0,0.0,0.0,,0.0,
1.5,9,5,4434566,,0,0.111328125,11.0,0.55,1.6464336614795303,22.0,2.0,0.0,0.0,0.0,,0.0,
1.5,9,6,4434603,181.1,1,0.111328125,11.0,0.55,1.6464336614795303,22.0,2.0,0.0,0.0,0.0,,0.0,
1.5,9,7,4434640,,0,0.111328125,11.0,0.55,1.6464336614795303,22.0,2.0,0.0,0.0,0.0,,0.0,
1.5,9,8,4434677,,0,0.111328125,11.0,0.55,1.6464336614795303,22.0,2.0,0.0,0.0,0.0,,0.0,
1.5,9,9,4434714,117.3,1,0.111328125,11.0,0.55,1.6464336614795303,22.0,2.0,0.0,0.0,0.0,,0.0,
1.5,9,10,4434751,,0,0.111328125,11.0,0.55,1.6464336614795303,22.0,2.0,0.0,0.0,0.0,,0.0,
1.5,9,11,4434788,,0,0.111328125,11.0,0.55,1.6464336614795303,22.0,2.0,0.0,0.0,0.0,,0.0,
1.5,9,12,4434825,,0,0.111328125,11.0,0.55,1.6464336614795303,22.0,2.0,0.0,0.0,0.0,,0.0,
1.5,9,13,4434862,,0,0.111328125,11.0,0.55,1.6464336614795303,22.0,2.0,0.0,0.0,0.0,,0.0,
1.5,9,14,4434899,121.7,1,0.111328125,11.0,0.55,1.6464336614795303,22.0,2.0,0.0,0.0,0.0,,0.0,
1.5,9,15,4434936,237.5,1,0.111328125,11.0,0.55,1.6464336614795303,22.0,2.0,0.0,0.0,0.0,,0.0,
1.5,9,16,4434973,,0,0.111328125,11.0,0.55,1.6464336614795303,22.0,2.0,0.0,0.0,0.0,,0.0,
1.5,9,17,4435010,234.0,1,0.111328125,11.0,0.55,1.6464336614795303,22.0,2.0,0.0,0.0,0.0,,0.0,
1.5,9,18,4435047,,0,0.111328125,11.0,0.55,1.6464336614795303,22.0,2.0,0.0,0.0,0.0,,0.0,
1.5,9,19,4435084,,0,0.111328125,11.0,0.55,1.6464336614795303,22.0,2.0,0.0,0.0,0.0,,0.0,
1.5,9,20,4435121,215.0,1,0.111328125,11.0,0.55,1.6464336614795303,22.0,2.0,0.0,0.0,0.0,,0.0,
1.5,9,21,4435158,233.5,1,0.111328125,11.0,0.55,1.6464336614795303,22.0,2.0,0.0,0.0,0.0,,0.0,
1.5,9,22,4435195,180.20000000000002,1,0.111328125,11.0,0.55,1.6464336614795303,22.0,2.0,0.0,0.0,0.0,,0.0,
1.5,9,23,4435232,226.20000000000002,1,0.111328125,11.0,0.55,1.6464336614795303,22.0,2.0,0.0,0.0,0.0,,0.0,
1.5,10,0,4435390,,0,0.1318359375,17.0,0.4722222222222222,2.096297609553584,24.0,1.411764705882353,0.0,0.0,0.0,,0.0,
1.5,10,1,4435427,179.5,1,0.1318359375,17.0,0.4722222222222222,2.096297609553584,24.0,1.411764705882353,0.0,0.0,0.0,,0.0,
1.5,10,2,4435464,246.0,1,0.1318359375,17.0,0.4722222222222222,2.096297609553584,24.0,1.411764705882353,0.0,0.0,0.0,,0.0,
1.5,10,3,4435501,,0,0.1318359375,17.0,0.4722222222222222,2.096297609553584,24.0,1.411764705882353,0.0,0.0,0.0,,0.0,
1.5,10,4,4435538,,0,0.1318359375,17.0,0.4722222222222222,2.096297609553584,24.0,1.411764705882353,0.0,0.0,0.0,,0.0,
1.5,10,5,4435575,,0,0.1318359375,17.0,0.4722222222222222,2.096297609553584,24.0,1.411764705882353,0.0,0.0,0.0,,0.0,
1.5,10,6,4435612,,0,0.1318359375,17.0,0.4722222222222222,2.096297609553584,24.0,1.411764705882353,0.0,0.0,0.0,,0.0,
1.5,10,7,4435649,,0,0.1318359375,17.0,0.4722222222222222,2.096297609553584,24.0,1.411764705882353,0.0,0.0,0.0,,0.0,
1.5,10,8,4435686,198.1,1,0.1318359375,17.0,0.4722222222222222,2.096297609553584,24.0,1.411764705882353,0.0,0.0,0.0,,0.0,
1.5,10,9,4435723,196.4,1,0.1318359375,17.0,0.4722222222222222,2.096297609553584,24.0,1.411764705882353,0.0,0.0,0.0,,0.0,
1.5,10,10,4435760,,0,0.1318359375,17.0,0.4722222222222222,2.096297609553584,24.0,1.411764705882353,0.0,0.0,0.0,,0.0,
1.5,10,11,4435797,,0,0.1318359375,17.0,0.4722222222222222,2.096297609553584,24.0,1.411764705882353,0.0,0.0,0.0,,0.0,
1.5,10,12,4435834,,0,0.1318359375,17.0,0.4722222222222222,2.096297609553584,24.0,1.411764705882353,0.0,0.0,0.0,,0.0,
1.5,10,13,4435871,,0,0.1318359375,17.0,0.4722222222222222,2.096297609553584,24.0,1.411764705882353,0.0,0.0,0.0,,0.0,
1.5,10,14,4435908,,0,0.1318359375,17.0,0.4722222222222222,2.096297609553584,24.0,1.411764705882353,0.0,0.0,0.0,,0.0,
1.5,10,15,4435945,219.20000000000002,1,0.1318359375,17.0,0.4722222222222222,2.096297609553584,24.0,1.411764705882353,0.0,0.0,0.0,,0.0,
1.5,10,16,4435982,,0,0.1318359375,17.0,0.4722222222222222,2.096297609553584,24.0,1.411764705882353,0.0,0.0,0.0,,0.0,
1.5,10,17,4436019,135.8,1,0.1318359375,17.0,0.4722222222222222,2.096297609553584,24.0,1.411764705882353,0.0,0.0,0.0,,0.0,
1.5,10,18,4436056,,0,0.1318359375,17.0,0.4722222222222222,2.096297609553584,24.0,1.411764705882353,0.0,0.0,0.0,,0.0,
1.5,10,19,4436093,,0,0.1318359375,17.0,0.4722222222222222,2.096297609553584,24.0,1.411764705882353,0.0,0.0,0.0,,0.0,
1.5,10,20,4436130,,0,0.1318359375,17.0,0.4722222222222222,2.096297609553584,24.0,1.411764705882353,0.0,0.0,0.0,,0.0,
1.5,10,21,4436167,,0,0.1318359375,17.0,0.4722222222222222,2.096297609553584,24.0,1.411764705882353,0.0,0.0,0.0,,0.0,
1.5,10,22,4436204,,0,0.1318359375,17.0,0.4722222222222222,2.096297609553584,24.0,1.411764705882353,0.0,0.0,0.0,,0.0,
1.5,10,23,4436241,273.3,1,0.1318359375,17.0,0.4722222222222222,2.096297609553584,24.0,1.411764705882353,0.0,0.0,0.0,,0.0,
1.5,11,0,4436399,,0,0.114013671875,18.0,0.5142857142857142,2.23606797749979,32.0,1.7777777777777777,0.0,0.0,0.0,,0.0,
1.5,11,1,4436436,225.70000000000002,1,0.114013671875,18.0,0.5142857142857142,2.23606797749979,32.0,1.7777777777777777,0.0,0.0,0.0,,0.0,
1.5,11,2,4436473,,0,0.114013671875,18.0,0.5142857142857142,2.23606797749979,32.0,1.7777777777777777,0.0,0.0,0.0,,0.0,
1.5,11,3,4436510,,0,0.114013671875,18.0,0.5142857142857142,2.23606797749979,32.0,1.7777777777777777,0.0,0.0,0.0,,0.0,
1.5,11,4,4436547,,0,0.114013671875,18.0,0.5142857142857142,2.23606797749979,32.0,1.7777777777777777,0.0,0.0,0.0,,0.0,
1.5,11,5,4436584,,0,0.114013671875,18.0,0.5142857142857142,2.23606797749979,32.0,1.7777777777777777,0.0,0.0,0.0,,0.0,
1.5,11,6,4436621,,0,0.114013671875,18.0,0.5142857142857142,2.23606797749979,32.0,1.7777777777777777,0.0,0.0,0.0,,0.0,
1.5,11,7,4436658,240.20000000000002,1,0.114013671875,18.0,0.5142857142857142,2.23606797749979,32.0,1.7777777777777777,0.0,0.0,0.0,,0.0,
1.5,11,8,4436695,,0,0.114013671875,18.0,0.5142857142857142,2.23606797749979,32.0,1.7777777777777777,0.0,0.0,0.0,,0.0,
1.5,11,9,4436732,,0,0.114013671875,18.0,0.5142857142857142,2.23606797749979,32.0,1.7777777777777777,0.0,0.0,0.0,,0.0,
1.5,11,10,4436769,164.9,1,0.114013671875,18.0,0.5142857142857142,2.23606797749979,32.0,1.7777777777777777,0.0,0.0,0.0,,0.0,
1.5,11,11,4436806,,0,0.114013671875,18.0,0.5142857142857142,2.23606797749979,32.0,1.7777777777777777,0.0,0.0,0.0,,0.0,
1.5,11,12,4436843,,0,0.114013671875,18.0,0.5142857142857142,2.23606797749979,32.0,1.7777777777777777,0.0,0.0,0.0,,0.0,
1.5,11,13,4436880,,0,0.114013671875,18.0,0.5142857142857142,2.23606797749979,32.0,1.7777777777777777,0.0,0.0,0.0,,0.0,
1.5,11,14,4436917,112.5,1,0.114013671875,18.0,0.5142857142857142,2.23606797749979,32.0,1.7777777777777777,0.0,0.0,0.0,,0.0,
1.5,11,15,4436954,155.0,1,0.114013671875,18.0,0.5142857142857142,2.23606797749979,32.0,1.7777777777777777,0.0,0.0,0.0,,0.0,
1.5,11,16,4436991,141.9,1,0.114013671875,18.0,0.5142857142857142,2.23606797749979,32.0,1.7777777777777777,0.0,0.0,0.0,,0.0,
1.5,11,17,4437028,,0,0.114013671875,18.0,0.5142857142857142,2.23606797749979,32.0,1.7777777777777777,0.0,0.0,0.0,,0.0,
1.5,11,18,4437065,,0,0.114013671875,18.0,0.5142857142857142,2.23606797749979,32.0,1.7777777777777777,0.0,0.0,0.0,,0.0,
1.5,11,19,4437102,,0,0.114013671875,18.0,0.5142857142857142,2.23606797749979,32.0,1.7777777777777777,0.0,0.0,0.0,,0.0,
1.5,11,20,4437139,,0,0.114013671875,18.0,0.5142857142857142,2.23606797749979,32.0,1.7777777777777777,0.0,0.0,0.0,,0.0,
1.5,11,21,4437176,,0,0.114013671875,18.0,0.5142857142857142,2.23606797749979,32.0,1.7777777777777777,0.0,0.0,0.0,,0.0,
1.5,11,22,4437213,297.0,1,0.114013671875,18.0,0.5142857142857142,2.23606797749979,32.0,1.7777777777777777,0.0,0.0,0.0,,0.0,
1.5,11,23,4437250,206.0,1,0.114013671875,18.0,0.5142857142857142,2.23606797749979,32.0,1.7777777777777777,0.0,0.0,0.0,,0.0,
2.0,0,0,5425303,,0,0.19921875,29.0,0.4142857142857143,2.856038515979125,50.0,1.7241379310344827,0.0,0.0,0.0,,0.0,
2.0,0,1,5425340,142.5,1,0.19921875,29.0,0.4142857142857143,2.856038515979125,50.0,1.7241379310344827,0.0,0.0,0.0,,0.0,
2.0,0,2,5425377,,0,0.19921875,29.0,0.4142857142857143,2.856038515979125,50.0,1.7241379310344827,0.0,0.0,0.0,,0.0,
2.0,0,3,5425414,112.60000000000001,1,0.19921875,29.0,0.4142857142857143,2.856038515979125,50.0,1.7241379310344827,0.0,0.0,0.0,,0.0,
2.0,0,4,5425451,,0,0.19921875,29.0,0.4142857142857143,2.856038515979125,50.0,1.7241379310344827,0.0,0.0,0.0,,0.0,
2.0,0,5,5425488,,0,0.19921875,29.0,0.4142857142857143,2.856038515979125,50.0,1.7241379310344827,0.0,0.0,0.0,,0.0,
2.0,0,6,5425525,115.7,1,0.19921875,29.0,0.4142857142857143,2.856038515979125,50.0,1.7241379310344827,0.0,0.0,0.0,,0.0,
2.0,0,7,5425562,267.9,1,0.19921875,29.0,0.4142857142857143,2.856038515979125,50.0,1.7241379310344827,0.0,0.0,0.0,,0.0,
2.0,0,8,5425599,,0,0.19921875,29.0,0.4142857142857143,2.856038515979125,50.0,1.7241379310344827,0.0,0.0,0.0,,0.0,
2.0,0,9,5425636,,0,0.19921875,29.0,0.4142857142857143,2.856038515979125,50.0,1.7241379310344827,0.0,0.0,0.0,,0.0,
2.0,0,10,5425673,154.6,1,0.19921875,29.0,0.4142857142857143,2.856038515979125,50.0,1.7241379310344827,0.0,0.0,0.0,,0.0,
2.0,0,11,5425710,153.5,1,0.19921875,29.0,0.4142857142857143,2.856038515979125,50.0,1.7241379310344827,0.0,0.0,0.0,,0.0,
2.0,0,12,5425747,,0,0.19921875,29.0,0.4142857142857143,2.856038515979125,50.0,1.7241379310344827,0.0,0.0,0.0,,0.0,
2.0,0,13,5425784,222.4,1,0.19921875,29.0,0.4142857142857143,2.856038515979125,50.0,1.7241379310344827,0.0,0.0,0.0,,0.0,
2.0,0,14,5425821,,0,0.19921875,29.0,0.4142857142857143,2.856038515979125,50.0,1.7241379310344827,0.0,0.0,0.0,,0.0,
2.0,0,15,5425858,176.5,1,0.19921875,29.0,0.4142857142857143,2.856038515979125,50.0,1.7241379310344827,0.0,0.0,0.0,,0.0,
2.0,0,16,5425895,,0,0.19921875,29.0,0.4142857142857143,2.856038515979125,50.0,1.7241379310344827,0.0,0.0,0.0,,0.0,
2.0,0,17,5425932,,0,0.19921875,29.0,0.4142857142857143,2.856038515979125,50.0,1.7241379310344827,0.0,0.0,0.0,,0.0,
2.0,0,18,5425969,254.9,1,0.19921875,29.0,0.4142857142857143,2.856038515979125,50.0,1.7241379310344827,0.0,0.0,0.0,,0.0,
2.0,0,19,5426006,,0,0.19921875,29.0,0.4142857142857143,2.856038515979125,50.0,1.7241379310344827,0.0,0.0,0.0,,0.0,
2.0,0,20,5426043,,0,0.19921875,29.0,0.4142857142857143,2.856038515979125,50.0,1.7241379310344827,0.0,0.0,0.0,,0.0,
2.0,0,21,5426080,,0,0.19921875,29.0,0.4142857142857143,2.856038515979125,50.0,1.7241379310344827,0.0,0.0,0.0,,0.0,
2.0,0,22,5426117,,0,0.19921875,29.0,0.4142857142857143,2.856038515979125,50.0,1.7241379310344827,0.0,0.0,0.0,,0.0,
2.0,0,23,5426154,240.6,1,0.19921875,29.0,0.4142857142857143,2.856038515979125,50.0,1.7241379310344827,0.0,0.0,0.0,,0.0,
2.0,1,0,5426312,,0,0.1767578125,18.0,0.3673469387755102,2.344549760667688,32.0,1.7777777777777777,0.0,0.0,0.0,,0.0,
2.0,1,1,5426349,,0,0.1767578125,18.0,0.3673469387755102,2.344549760667688,32.0,1.7777777777777777,0.0,0.0,0.0,,0.0,
2.0,1,2,5426386,246.6,1,0.1767578125,18.0,0.3673469387755102,2.344549760667688,32.0,1.7777777777777777,0.0,0.0,0.0,,0.0,
2.0,1,3,5426423,,0,0.1767578125,18.0,0.3673469387755102,2.344549760667688,32.0,1.7777777777777777,0.0,0.0,0.0,,0.0,
2.0,1,4,5426460,,0,0.1767578125,18.0,0.3673469387755102,2.344549760667688,32.0,1.7777777777777777,0.0,0.0,0.0,,0.0,
2.0,1,5,5426497,178.3,1,0.1767578125,18.0,0.3673469387755102,2.344549760667688,32.0,1.7777777777777777,0.0,0.0,0.0,,0.0,
2.0,1,6,5426534,,0,0.1767578125,18.0,0.3673469387755102,2.344549760667688,32.0,1.7777777777777777,0.0,0.0,0.0,,0.0,
2.0,1,7,5426571,,0,0.1767578125,18.0,0.3673469387755102,2.344549760667688,32.0,1.7777777777777777,0.0,0.0,0.0,,0.0,
2.0,1,8,5426608,,0,0.1767578125,18.0,0.3673469387755102,2.344549760667688,32.0,1.7777777777777777,0.0,0.0,0.0,,0.0,
2.0,1,9,5426645,,0,0.1767578125,18.0,0.3673469387755102,2.344549760667688,32.0,1.7777777777777777,0.0,0.0,0.0,,0.0,
2.0,1,10,5426682,,0,0.1767578125,18.0,0.3673469387755102,2.344549760667688,32.0,1.7777777777777777,0.0,0.0,0.0,,0.0,
2.0,1,11,5426719,121.2,1,0.1767578125,18.0,0.3673469387755102,2.344549760667688,32.0,1.7777777777777777,0.0,0.0,0.0,,0.0,
2.0,1,12,5426756,,0,0.1767578125,18.0,0.3673469387755102,2.344549760667688,32.0,1.7777777777777777,0.0,0.0,0.0,,0.0,
2.0,1,13,5426793,,0,0.1767578125,18.0,0.3673469387755102,2.344549760667688,32.0,1.7777777777777777,0.0,0.0,0.0,,0.0,
2.0,1,14,5426830,,0,0.1767578125,18.0,0.3673469387755102,2.344549760667688,32.0,1.7777777777777777,0.0,0.0,0.0,,0.0,
2.0,1,15,5426867,190.0,1,0.1767578125,18.0,0.3673469387755102,2.344549760667688,32.0,1.7777777777777777,0.0,0.0,0.0,,0.0,
2.0,1,16,5426904,,0,0.1767578125,18.0,0.3673469387755102,2.344549760667688,32.0,1.7777777777777777,0.0,0.0,0.0,,0.0,
2.0,1,17,5426941,,0,0.1767578125,18.0,0.3673469387755102,2.344549760667688,32.0,1.7777777777777777,0.0,0.0,0.0,,0.0,
2.0,1,18,5426978,,0,0.1767578125,18.0,0.3673469387755102,2.344549760667688,32.0,1.7777777777777777,0.0,0.0,0.0,,0.0,
2.0,1,19,5427015,139.5,1,0.1767578125,18.0,0.3673469387755102,2.344549760667688,32.0,1.7777777777777777,0.0,0.0,0.0,,0.0,
2.0,1,20,5427052,184.5,1,0.1767578125,18.0,0.3673469387755102,2.344549760667688,32.0,1.7777777777777777,0.0,0.0,0.0,,0.0,
2.0,1,21,5427089,176.0,1,0.1767578125,18.0,0.3673469387755102,2.344549760667688,32.0,1.7777777777777777,0.0,0.0,0.0,,0.0,
2.0,1,22,5427126,,0,0.1767578125,18.0,0.3673469387755102,2.344549760667688,32.0,1.7777777777777777,0.0,0.0,0.0,,0.0,
2.0,1,23,5427163,,0,0.1767578125,18.0,0.3673469387755102,2.344549760667688,32.0,1.7777777777777777,0.0,0.0,0.0,,0.0,
2.0,2,0,5427321,,0,0.1787109375,22.0,0.5238095238095238,2.2383767731354784,34.0,1.5454545454545454,0.0,0.0,0.0,,0.0,
2.0,2,1,5427358,,0,0.1787109375,22.0,0.5238095238095238,2.2383767731354784,34.0,1.5454545454545454,0.0,0.0,0.0,,0.0,
2.0,2,2,5427395,210.70000000000002,1,0.1787109375,22.0,0.5238095238095238,2.2383767731354784,34.0,1.5454545454545454,0.0,0.0,0.0,,0.0,
2.0,2,3,5427432,,0,0.1787109375,22.0,0.5238095238095238,2.2383767731354784,34.0,1.5454545454545454,0.0,0.0,0.0,,0.0,
2.0,2,4,5427469,,0,0.1787109375,22.0,0.5238095238095238,2.2383767731354784,34.0,1.5454545454545454,0.0,0.0,0.0,,0.0,
2.0,2,5,5427506,,0,0.1787109375,22.0,0.5238095238095238,2.2383767731354784,34.0,1.5454545454545454,0.0,0.0,0.0,,0.0,
2.0,2,6,5427543,,0,0.1787109375,22.0,0.5238095238095238,2.2383767731354784,34.0,1.5454545454545454,0.0,0.0,0.0,,0.0,
2.0,2,7,5427580,108.60000000000001,1,0.1787109375,22.0,0.5238095238095238,2.2383767731354784,34.0,1.5454545454545454,0.0,0.0,0.0,,0.0,
2.0,2,8,5427617,,0,0.1787109375,22.0,0.5238095238095238,2.2383767731354784,34.0,1.5454545454545454,0.0,0.0,0.0,,0.0,
2.0,2,9,5427654,,0,0.1787109375,22.0,0.5238095238095238,2.2383767731354784,34.0,1.5454545454545454,0.0,0.0,0.0,,0.0,
2.0,2,10,5427691,,0,0.1787109375,22.0,0.5238095238095238,2.2383767731354784,34.0,1.5454545454545454,0.0,0.0,0.0,,0.0,
2.0,2,11,5427728,,0,0.1787109375,22.0,0.5238095238095238,2.2383767731354784,34.0,1.5454545454545454,0.0,0.0,0.0,,0.0,
2.0,2,12,5427765,,0,0.1787109375,22.0,0.5238095238095238,2.2383767731354784,34.0,1.5454545454545454,0.0,0.0,0.0,,0.0,
2.0,2,13,5427802,,0,0.1787109375,22.0,0.5238095238095238,2.2383767731354784,34.0,1.5454545454545454,0.0,0.0,0.0,,0.0,
2.0,2,14,5427839,236.9,1,0.1787109375,22.0,0.5238095238095238,2.2383767731354784,34.0,1.5454545454545454,0.0,0.0,0.0,,0.0,
2.0,2,15,5427876,205.5,1,0.1787109375,22.0,0.5238095238095238,2.2383767731354784,34.0,1.5454545454545454,0.0,0.0,0.0,,0.0,
2.0,2,16,5427913,,0,0.1787109375,22.0,0.5238095238095238,2.2383767731354784,34.0,1.5454545454545454,0.0,0.0,0.0,,0.0,
2.0,2,17,5427950,165.4,1,0.1787109375,22.0,0.5238095238095238,2.2383767731354784,34.0,1.5454545454545454,0.0,0.0,0.0,,0.0,
2.0,2,18,5427987,118.0,1,0.1787109375,22.0,0.5238095238095238,2.2383767731354784,34.0,1.5454545454545454,0.0,0.0,0.0,,0.0,
2.0,2,19,5428024,225.1,1,0.1787109375,22.0,0.5238095238095238,2.2383767731354784,34.0,1.5454545454545454,0.0,0.0,0.0,,0.0,
2.0,2,20,5428061,159.9,1,0.1787109375,22.0,0.5238095238095238,2.2383767731354784,34.0,1.5454545454545454,0.0,0.0,0.0,,0.0,
2.0,2,21,5428098,,0,0.1787109375,22.0,0.5238095238095238,2.2383767731354784,34.0,1.5454545454545454,0.0,0.0,0.0,,0.0,
2.0,2,22,5428135,,0,0.1787109375,22.0,0.5238095238095238,2.2383767731354784,34.0,1.5454545454545454,0.0,0.0,0.0,,0.0,
2.0,2,23,5428172,,0,0.1787109375,22.0,0.5238095238095238,2.2383767731354784,34.0,1.5454545454545454,0.0,0.0,0.0,,0.0,
2.0,3,0,5428330,,0,0.205078125,28.0,0.3888888888888889,3.4504510205041257,50.0,1.7857142857142858,0.0,0.0,0.0,,0.0,
2.0,3,1,5428367,291.90000000000003,1,0.205078125,28.0,0.3888888888888889,3.4504510205041257,50.0,1.7857142857142858,0.0,0.0,0.0,,0.0,
2.0,3,2,5428404,,0,0.205078125,28.0,0.3888888888888889,3.4504510205041257,50.0,1.7857142857142858,0.0,0.0,0.0,,0.0,
2.0,3,3,5428441,,0,0.205078125,28.0,0.3888888888888889,3.4504510205041257,50.0,1.7857142857142858,0.0,0.0,0.0,,0.0,
2.0,3,4,5428478,,0,0.205078125,28.0,0.3888888888888889,3.4504510205041257,50.0,1.7857142857142858,0.0,0.0,0.0,,0.0,
2.0,3,5,5428515,164.20000000000002,1,0.205078125,28.0,0.3888888888888889,3.4504510205041257,50.0,1.7857142857142858,0.0,0.0,0.0,,0.0,
2.0,3,6,5428552,,0,0.205078125,28.0,0.3888888888888889,3.4504510205041257,50.0,1.7857142857142858,0.0,0.0,0.0,,0.0,
2.0,3,7,5428589,,0,0.205078125,28.0,0.3888888888888889,3.4504510205041257,50.0,1.7857142857142858,0.0,0.0,0.0,,0.0,
2.0,3,8,5428626,210.20000000000002,1,0.205078125,28.0,0.3888888888888889,3.4504510205041257,50.0,1.7857142857142858,0.0,0.0,0.0,,0.0,
2.0,3,9,5428663,,0,0.205078125,28.0,0.3888888888888889,3.4504510205041257,50.0,1.7857142857142858,0.0,0.0,0.0,,0.0,
2.0,3,10,5428700,,0,0.205078125,28.0,0.3888888888888889,3.4504510205041257,50.0,1.7857142857142858,0.0,0.0,0.0,,0.0,
2.0,3,11,5428737,147.0,1,0.205078125,28.0,0.3888888888888889,3.4504510205041257,50.0,1.7857142857142858,0.0,0.0,0.0,,0.0,
2.0,3,12,5428774,,0,0.205078125,28.0,0.3888888888888889,3.4504510205041257,50.0,1.7857142857142858,0.0,0.0,0.0,,0.0,
2.0,3,13,5428811,186.70000000000002,1,0.205078125,28.0,0.3888888888888889,3.4504510205041257,50.0,1.7857142857142858,0.0,0.0,0.0,,0.0,
2.0,3,14,5428848,89.10000000000001,1,0.205078125,28.0,0.3888888888888889,3.4504510205041257,50.0,1.7857142857142858,0.0,0.0,0.0,,0.0,
2.0,3,15,5428885,,0,0.205078125,28.0,0.3888888888888889,3.4504510205041257,50.0,1.7857142857142858,0.0,0.0,0.0,,0.0,
2.0,3,16,5428922,146.3,1,0.205078125,28.0,0.3888888888888889,3.4504510205041257,50.0,1.7857142857142858,0.0,0.0,0.0,,0.0,
2.0,3,17,5428959,,0,0.205078125,28.0,0.3888888888888889,3.4504510205041257,50.0,1.7857142857142858,0.0,0.0,0.0,,0.0,
2.0,3,18,5428996,,0,0.205078125,28.0,0.3888888888888889,3.4504510205041257,50.0,1.7857142857142858,0.0,0.0,0.0,,0.0,
2.0,3,19,5429033,128.8,1,0.205078125,28.0,0.3888888888888889,3.4504510205041257,50.0,1.7857142857142858,0.0,0.0,0.0,,0.0,
2.0,3,20,5429070,185.6,1,0.205078125,28.0,0.3888888888888889,3.4504510205041257,50.0,1.7857142857142858,0.0,0.0,0.0,,0.0,
2.0,3,21,5429107,166.1,1,0.205078125,28.0,0.3888888888888889,3.4504510205041257,50.0,1.7857142857142858,0.0,0.0,0.0,,0.0,
2.0,3,22,5429144,,0,0.205078125,28.0,0.3888888888888889,3.4504510205041257,50.0,1.7857142857142858,0.0,0.0,0.0,,0.0,
2.0,3,23,5429181,,0,0.205078125,28.0,0.3888888888888889,3.4504510205041257,50.0,1.7857142857142858,0.0,0.0,0.0,,0.0,
2.0,4,0,5429339,,0,0.18505859375,13.0,0.37142857142857144,2.0754980866510833,26.0,2.0,0.0,0.0,0.0,,0.0,
2.0,4,1,5429376,,0,0.18505859375,13.0,0.37142857142857144,2.0754980866510833,26.0,2.0,0.0,0.0,0.0,,0.0,
2.0,4,2,5429413,,0,0.18505859375,13.0,0.37142857142857144,2.0754980866510833,26.0,2.0,0.0,0.0,0.0,,0.0,
2.0,4,3,5429450,,0,0.18505859375,13.0,0.37142857142857144,2.0754980866510833,26.0,2.0,0.0,0.0,0.0,,0.0,
2.0,4,4,5429487,,0,0.18505859375,13.0,0.37142857142857144,2.0754980866510833,26.0,2.0,0.0,0.0,0.0,,0.0,
2.0,4,5,5429524,,0,0.18505859375,13.0,0.37142857142857144,2.0754980866510833,26.0,2.0,0.0,0.0,0.0,,0.0,
2.0,4,6,5429561,51.6,1,0.18505859375,13.0,0.37142857142857144,2.0754980866510833,26.0,2.0,0.0,0.0,0.0,,0.0,
2.0,4,7,5429598,201.9,1,0.18505859375,13.0,0.37142857142857144,2.0754980866510833,26.0,2.0,0.0,0.0,0.0,,0.0,
2.0,4,8,5429635,,0,0.18505859375,13.0,0.37142857142857144,2.0754980866510833,26.0,2.0,0.0,0.0,0.0,,0.0,
2.0,4,9,5429672,105.7,1,0.18505859375,13.0,0.37142857142857144,2.0754980866510833,26.0,2.0,0.0,0.0,0.0,,0.0,
2.0,4,10,5429709,,0,0.18505859375,13.0,0.37142857142857144,2.0754980866510833,26.0,2.0,0.0,0.0,0.0,,0.0,
2.0,4,11,5429746,217.3,1,0.18505859375,13.0,0.37142857142857144,2.0754980866510833,26.0,2.0,0.0,0.0,0.0,,0.0,
2.0,4,12,5429783,177.3,1,0.18505859375,13.0,0.37142857142857144,2.0754980866510833,26.0,2.0,0.0,0.0,0.0,,0.0,
2.0,4,13,5429820,,0,0.18505859375,13.0,0.37142857142857144,2.0754980866510833,26.0,2.0,0.0,0.0,0.0,,0.0,
2.0,4,14,5429857,,0,0.18505859375,13.0,0.37142857142857144,2.0754980866510833,26.0,2.0,0.0,0.0,0.0,,0.0,
2.0,4,15,5429894,267.3,1,0.18505859375,13.0,0.37142857142857144,2.0754980866510833,26.0,2.0,0.0,0.0,0.0,,0.0,
2.0,4,16,5429931,186.4,1,0.18505859375,13.0,0.37142857142857144,2.0754980866510833,26.0,2.0,0.0,0.0,0.0,,0.0,
2.0,4,17,5429968,,0,0.18505859375,13.0,0.37142857142857144,2.0754980866510833,26.0,2.0,0.0,0.0,0.0,,0.0,
2.0,4,18,5430005,122.9,1,0.18505859375,13.0,0.37142857142857144,2.0754980866510833,26.0,2.0,0.0,0.0,0.0,,0.0,
2.0,4,19,5430042,110.3,1,0.18505859375,13.0,0.37142857142857144,2.0754980866510833,26.0,2.0,0.0,0.0,0.0,,0.0,
2.0,4,20,5430079,143.4,1,0.18505859375,13.0,0.37142857142857144,2.0754980866510833,26.0,2.0,0.0,0.0,0.0,,0.0,
2.0,4,21,5430116,,0,0.18505859375,13.0,0.37142857142857144,2.0754980866510833,26.0,2.0,0.0,0.0,0.0,,0.0,
2.0,4,22,5430153,,0,0.18505859375,13.0,0.37142857142857144,2.0754980866510833,26.0,2.0,0.0,0.0,0.0,,0.0,
2.0,4,23,5430190,,0,0.18505859375,13.0,0.37142857142857144,2.0754980866510833,26.0,2.0,0.0,0.0,0.0,,0.0,
2.0,5,0,5430348,,0,0.18994140625,32.0,0.3333333333333333,3.5723547906108095,60.0,1.875,0.0,0.0,0.0,,0.0,
2.0,5,1,5430385,135.9,1,0.18994140625,32.0,0.3333333333333333,3.5723547906108095,60.0,1.875,0.0,0.0,0.0,,0.0,
2.0,5,2,5430422,,0,0.18994140625,32.0,0.3333333333333333,3.5723547906108095,60.0,1.875,0.0,0.0,0.0,,0.0,
2.0,5,3,5430459,,0,0.18994140625,32.0,0.3333333333333333,3.5723547906108095,60.0,1.875,0.0,0.0,0.0,,0.0,
2.0,5,4,5430496,239.8,1,0.18994140625,32.0,0.3333333333333333,3.5723547906108095,60.0,1.875,0.0,0.0,0.0,,0.0,
2.0,5,5,5430533,,0,0.18994140625,32.0,0.3333333333333333,3.5723547906108095,60.0,1.875,0.0,0.0,0.0,,0.0,
2.0,5,6,5430570,,0,0.18994140625,32.0,0.3333333333333333,3.5723547906108095,60.0,1.875,0.0,0.0,0.0,,0.0,
2.0,5,7,5430607,,0,0.18994140625,32.0,0.3333333333333333,3.5723547906108095,60.0,1.875,0.0,0.0,0.0,,0.0,
2.0,5,8,5430644,120.7,1,0.18994140625,32.0,0.3333333333333333,3.5723547906108095,60.0,1.875,0.0,0.0,0.0,,0.0,
2.0,5,9,5430681,104.2,1,0.18994140625,32.0,0.3333333333333333,3.5723547906108095,60.0,1.875,0.0,0.0,0.0,,0.0,
2.0,5,10,5430718,,0,0.18994140625,32.0,0.3333333333333333,3.5723547906108095,60.0,1.875,0.0,0.0,0.0,,0.0,
2.0,5,11,5430755,,0,0.18994140625,32.0,0.3333333333333333,3.5723547906108095,60.0,1.875,0.0,0.0,0.0,,0.0,
2.0,5,12,5430792,,0,0.18994140625,32.0,0.3333333333333333,3.5723547906108095,60.0,1.875,0.0,0.0,0.0,,0.0,
2.0,5,13,5430829,,0,0.18994140625,32.0,0.3333333333333333,3.5723547906108095,60.0,1.875,0.0,0.0,0.0,,0.0,
2.0,5,14,5430866,,0,0.18994140625,32.0,0.3333333333333333,3.5723547906108095,60.0,1.875,0.0,0.0,0.0,,0.0,
2.0,5,15,5430903,,0,0.18994140625,32.0,0.3333333333333333,3.5723547906108095,60.0,1.875,0.0,0.0,0.0,,0.0,
2.0,5,16,5430940,,0,0.18994140625,32.0,0.3333333333333333,3.5723547906108095,60.0,1.875,0.0,0.0,0.0,,0.0,
2.0,5,17,5430977,,0,0.18994140625,32.0,0.3333333333333333,3.5723547906108095,60.0,1.875,0.0,0.0,0.0,,0.0,
2.0,5,18,5431014,205.1,1,0.18994140625,32.0,0.3333333333333333,3.5723547906108095,60.0,1.875,0.0,0.0,0.0,,0.0,
2.0,5,19,5431051,,0,0.18994140625,32.0,0.3333333333333333,3.5723547906108095,60.0,1.875,0.0,0.0,0.0,,0.0,
2.0,5,20,5431088,106.9,1,0.18994140625,32.0,0.3333333333333333,3.5723547906108095,60.0,1.875,0.0,0.0,0.0,,0.0,
2.0,5,21,5431125,249.5,1,0.18994140625,32.0,0.3333333333333333,3.5723547906108095,60.0,1.875,0.0,0.0,0.0,,0.0,
2.0,5,22,5431162,,0,0.18994140625,32.0,0.3333333333333333,3.5723547906108095,60.0,1.875,0.0,0.0,0.0,,0.0,
2.0,5,23,5431199,272.7,1,0.18994140625,32.0,0.3333333333333333,3.5723547906108095,60.0,1.875,0.0,0.0,0.0,,0.0,
2.0,6,0,5431357,,0,0.201904296875,35.0,0.35,3.5120782846558276,56.0,1.6,0.0,0.0,0.0,,0.0,
2.0,6,1,5431394,151.4,1,0.201904296875,35.0,0.35,3.5120782846558276,56.0,1.6,0.0,0.0,0.0,,0.0,
2.0,6,2,5431431,,0,0.201904296875,35.0,0.35,3.5120782846558276,56.0,1.6,0.0,0.0,0.0,,0.0,
2.0,6,3,5431468,132.4,1,0.201904296875,35.0,0.35,3.5120782846558276,56.0,1.6,0.0,0.0,0.0,,0.0,
2.0,6,4,5431505,,0,0.201904296875,35.0,0.35,3.5120782846558276,56.0,1.6,0.0,0.0,0.0,,0.0,
2.0,6,5,5431542,,0,0.201904296875,35.0,0.35,3.5120782846558276,56.0,1.6,0.0,0.0,0.0,,0.0,
2.0,6,6,5431579,,0,0.201904296875,35.0,0.35,3.5120782846558276,56.0,1.6,0.0,0.0,0.0,,0.0,
2.0,6,7,5431616,,0,0.201904296875,35.0,0.35,3.5120782846558276,56.0,1.6,0.0,0.0,0.0,,0.0,
2.0,6,8,5431653,,0,0.201904296875,35.0,0.35,3.5120782846558276,56.0,1.6,0.0,0.0,0.0,,0.0,
2.0,6,9,5431690,204.9,1,0.201904296875,35.0,0.35,3.5120782846558276,56.0,1.6,0.0,0.0,0.0,,0.0,
2.0,6,10,5431727,,0,0.201904296875,35.0,0.35,3.5120782846558276,56.0,1.6,0.0,0.0,0.0,,0.0,
2.0,6,11,5431764,285.7,1,0.201904296875,35.0,0.35,3.5120782846558276,56.0,1.6,0.0,0.0,0.0,,0.0,
2.0,6,12,5431801,90.10000000000001,1,0.201904296875,35.0,0.35,3.5120782846558276,56.0,1.6,0.0,0.0,0.0,,0.0,
2.0,6,13,5431838,125.10000000000001,1,0.201904296875,35.0,0.35,3.5120782846558276,56.0,1.6,0.0,0.0,0.0,,0.0,
2.0,6,14,5431875,,0,0.201904296875,35.0,0.35,3.5120782846558276,56.0,1.6,0.0,0.0,0.0,,0.0,
2.0,6,15,5431912,250.4,1,0.201904296875,35.0,0.35,3.5120782846558276,56.0,1.6,0.0,0.0,0.0,,0.0,
2.0,6,16,5431949,127.0,1,0.201904296875,35.0,0.35,3.5120782846558276,56.0,1.6,0.0,0.0,0.0,,0.0,
2.0,6,17,5431986,90.2,1,0.201904296875,35.0,0.35,3.5120782846558276,56.0,1.6,0.0,0.0,0.0,,0.0,
2.0,6,18,5432023,,0,0.201904296875,35.0,0.35,3.5120782846558276,56.0,1.6,0.0,0.0,0.0,,0.0,
2.0,6,19,5432060,,0,0.201904296875,35.0,0.35,3.5120782846558276,56.0,1.6,0.0,0.0,0.0,,0.0,
2.0,6,20,5432097,,0,0.201904296875,35.0,0.35,3.5120782846558276,56.0,1.6,0.0,0.0,0.0,,0.0,
2.0,6,21,5432134,154.0,1,0.201904296875,35.0,0.35,3.5120782846558276,56.0,1.6,0.0,0.0,0.0,,0.0,
2.0,6,22,5432171,,0,0.201904296875,35.0,0.35,3.5120782846558276,56.0,1.6,0.0,0.0,0.0,,0.0,
2.0,6,23,5432208,,0,0.201904296875,35.0,0.35,3.5120782846558276,56.0,1.6,0.0,0.0,0.0,,0.0,
2.0,7,0,5432366,266.3,1,0.1875,27.0,0.42857142857142855,2.851130259839664,40.0,1.4814814814814814,0.0,0.0,0.0,,0.0,
2.0,7,1,5432403,244.5,1,0.1875,27.0,0.42857142857142855,2.851130259839664,40.0,1.4814814814814814,0.0,0.0,0.0,,0.0,
2.0,7,2,5432440,,0,0.1875,27.0,0.42857142857142855,2.851130259839664,40.0,1.4814814814814814,0.0,0.0,0.0,,0.0,
2.0,7,3,5432477,,0,0.1875,27.0,0.42857142857142855,2.851130259839664,40.0,1.4814814814814814,0.0,0.0,0.0,,0.0,
2.0,7,4,5432514,,0,0.1875,27.0,0.42857142857142855,2.851130259839664,40.0,1.4814814814814814,0.0,0.0,0.0,,0.0,
2.0,7,5,5432551,,0,0.1875,27.0,0.42857142857142855,2.851130259839664,40.0,1.4814814814814814,0.0,0.0,0.0,,0.0,
2.0,7,6,5432588,,0,0.1875,27.0,0.42857142857142855,2.851130259839664,40.0,1.4814814814814814,0.0,0.0,0.0,,0.0,
2.0,7,7,5432625,219.4,1,0.1875,27.0,0.42857142857142855,2.851130259839664,40.0,1.4814814814814814,0.0,0.0,0.0,,0.0,
2.0,7,8,5432662,,0,0.1875,27.0,0.42857142857142855,2.851130259839664,40.0,1.4814814814814814,0.0,0.0,0.0,,0.0,
2.0,7,9,5432699,,0,0.1875,27.0,0.42857142857142855,2.851130259839664,40.0,1.4814814814814814,0.0,0.0,0.0,,0.0,
2.0,7,10,5432736,,0,0.1875,27.0,0.42857142857142855,2.851130259839664,40.0,1.4814814814814814,0.0,0.0,0.0,,0.0,
2.0,7,11,5432773,197.8,1,0.1875,27.0,0.42857142857142855,2.851130259839664,40.0,1.4814814814814814,0.0,0.0,0.0,,0.0,
2.0,7,12,5432810,84.7,1,0.1875,27.0,0.42857142857142855,2.851130259839664,40.0,1.4814814814814814,0.0,0.0,0.0,,0.0,
2.0,7,13,5432847,,0,0.1875,27.0,0.42857142857142855,2.851130259839664,40.0,1.4814814814814814,0.0,0.0,0.0,,0.0,
2.0,7,14,5432884,163.6,1,0.1875,27.0,0.42857142857142855,2.851130259839664,40.0,1.4814814814814814,0.0,0.0,0.0,,0.0,
2.0,7,15,5432921,245.70000000000002,1,0.1875,27.0,0.42857142857142855,2.851130259839664,40.0,1.4814814814814814,0.0,0.0,0.0,,0.0,
2.0,7,16,5432958,171.70000000000002,1,0.1875,27.0,0.42857142857142855,2.851130259839664,40.0,1.4814814814814814,0.0,0.0,0.0,,0.0,
2.0,7,17,5432995,,0,0.1875,27.0,0.42857142857142855,2.851130259839664,40.0,1.4814814814814814,0.0,0.0,0.0,,0.0,
2.0,7,18,5433032,,0,0.1875,27.0,0.42857142857142855,2.851130259839664,40.0,1.4814814814814814,0.0,0.0,0.0,,0.0,
2.0,7,19,5433069,289.0,1,0.1875,27.0,0.42857142857142855,2.851130259839664,40.0,1.4814814814814814,0.0,0.0,0.0,,0.0,
2.0,7,20,5433106,,0,0.1875,27.0,0.42857142857142855,2.851130259839664,40.0,1.4814814814814814,0.0,0.0,0.0,,0.0,
2.0,7,21,5433143,242.20000000000002,1,0.1875,27.0,0.42857142857142855,2.851130259839664,40.0,1.4814814814814814,0.0,0.0,0.0,,0.0,
2.0,7,22,5433180,,0,0.1875,27.0,0.42857142857142855,2.851130259839664,40.0,1.4814814814814814,0.0,0.0,0.0,,0.0,
2.0,7,23,5433217,,0,0.1875,27.0,0.42857142857142855,2.851130259839664,40.0,1.4814814814814814,0.0,0.0,0.0,,0.0,
2.0,8,0,5433375,,0,0.214599609375,22.0,0.39285714285714285,2.519346629191094,42.0,1.9090909090909092,0.0,0.0,0.0,,0.0,
2.0,8,1,5433412,,0,0.214599609375,22.0,0.39285714285714285,2.519346629191094,42.0,1.9090909090909092,0.0,0.0,0.0,,0.0,
2.0,8,2,5433449,,0,0.214599609375,22.0,0.39285714285714285,2.519346629191094,42.0,1.9090909090909092,0.0,0.0,0.0,,0.0,
2.0,8,3,5433486,197.3,1,0.214599609375,22.0,0.39285714285714285,2.519346629191094,42.0,1.9090909090909092,0.0,0.0,0.0,,0.0,
2.0,8,4,5433523,,0,0.214599609375,22.0,0.39285714285714285,2.519346629191094,42.0,1.9090909090909092,0.0,0.0,0.0,,0.0,
2.0,8,5,5433560,,0,0.214599609375,22.0,0.39285714285714285,2.519346629191094,42.0,1.9090909090909092,0.0,0.0,0.0,,0.0,
2.0,8,6,5433597,270.2,1,0.214599609375,22.0,0.39285714285714285,2.519346629191094,42.0,1.9090909090909092,0.0,0.0,0.0,,0.0,
2.0,8,7,5433634,,0,0.214599609375,22.0,0.39285714285714285,2.519346629191094,42.0,1.9090909090909092,0.0,0.0,0.0,,0.0,
2.0,8,8,5433671,,0,0.214599609375,22.0,0.39285714285714285,2.519346629191094,42.0,1.9090909090909092,0.0,0.0,0.0,,0.0,
2.0,8,9,5433708,261.0,1,0.214599609375,22.0,0.39285714285714285,2.519346629191094,42.0,1.9090909090909092,0.0,0.0,0.0,,0.0,
2.0,8,10,5433745,,0,0.214599609375,22.0,0.39285714285714285,2.519346629191094,42.0,1.9090909090909092,0.0,0.0,0.0,,0.0,
2.0,8,11,5433782,289.7,1,0.214599609375,22.0,0.39285714285714285,2.519346629191094,42.0,1.9090909090909092,0.0,0.0,0.0,,0.0,
2.0,8,12,5433819,176.0,1,0.214599609375,22.0,0.39285714285714285,2.519346629191094,42.0,1.9090909090909092,0.0,0.0,0.0,,0.0,
2.0,8,13,5433856,,0,0.214599609375,22.0,0.39285714285714285,2.519346629191094,42.0,1.9090909090909092,0.0,0.0,0.0,,0.0,
2.0,8,14,5433893,256.6,1,0.214599609375,22.0,0.39285714285714285,2.519346629191094,42.0,1.9090909090909092,0.0,0.0,0.0,,0.0,
2.0,8,15,5433930,,0,0.214599609375,22.0,0.39285714285714285,2.519346629191094,42.0,1.9090909090909092,0.0,0.0,0.0,,0.0,
2.0,8,16,5433967,,0,0.214599609375,22.0,0.39285714285714285,2.519346629191094,42.0,1.9090909090909092,0.0,0.0,0.0,,0.0,
2.0,8,17,5434004,236.9,1,0.214599609375,22.0,0.39285714285714285,2.519346629191094,42.0,1.9090909090909092,0.0,0.0,0.0,,0.0,
2.0,8,18,5434041,,0,0.214599609375,22.0,0.39285714285714285,2.519346629191094,42.0,1.9090909090909092,0.0,0.0,0.0,,0.0,
2.0,8,19,5434078,,0,0.214599609375,22.0,0.39285714285714285,2.519346629191094,42.0,1.9090909090909092,0.0,0.0,0.0,,0.0,
2.0,8,20,5434115,,0,0.214599609375,22.0,0.39285714285714285,2.519346629191094,42.0,1.9090909090909092,0.0,0.0,0.0,,0.0,
2.0,8,21,5434152,,0,0.214599609375,22.0,0.39285714285714285,2.519346629191094,42.0,1.9090909090909092,0.0,0.0,0.0,,0.0,
2.0,8,22,5434189,,0,0.214599609375,22.0,0.39285714285714285,2.519346629191094,42.0,1.9090909090909092,0.0,0.0,0.0,,0.0,
2.0,8,23,5434226,,0,0.214599609375,22.0,0.39285714285714285,2.519346629191094,42.0,1.9090909090909092,0.0,0.0,0.0,,0.0,
2.0,9,0,5434384,,0,0.19189453125,20.0,0.40816326530612246,2.376446927663229,38.0,1.9,0.0,0.0,0.0,,0.0,
2.0,9,1,5434421,,0,0.19189453125,20.0,0.40816326530612246,2.376446927663229,38.0,1.9,0.0,0.0,0.0,,0.0,
2.0,9,2,5434458,,0,0.19189453125,20.0,0.40816326530612246,2.376446927663229,38.0,1.9,0.0,0.0,0.0,,0.0,
2.0,9,3,5434495,,0,0.19189453125,20.0,0.40816326530612246,2.376446927663229,38.0,1.9,0.0,0.0,0.0,,0.0,
2.0,9,4,5434532,,0,0.19189453125,20.0,0.40816326530612246,2.376446927663229,38.0,1.9,0.0,0.0,0.0,,0.0,
2.0,9,5,5434569,,0,0.19189453125,20.0,0.40816326530612246,2.376446927663229,38.0,1.9,0.0,0.0,0.0,,0.0,
2.0,9,6,5434606,191.6,1,0.19189453125,20.0,0.40816326530612246,2.376446927663229,38.0,1.9,0.0,0.0,0.0,,0.0,
2.0,9,7,5434643,255.4,1,0.19189453125,20.0,0.40816326530612246,2.376446927663229,38.0,1.9,0.0,0.0,0.0,,0.0,
2.0,9,8,5434680,264.8,1,0.19189453125,20.0,0.40816326530612246,2.376446927663229,38.0,1.9,0.0,0.0,0.0,,0.0,
2.0,9,9,5434717,,0,0.19189453125,20.0,0.40816326530612246,2.376446927663229,38.0,1.9,0.0,0.0,0.0,,0.0,
2.0,9,10,5434754,,0,0.19189453125,20.0,0.40816326530612246,2.376446927663229,38.0,1.9,0.0,0.0,0.0,,0.0,
2.0,9,11,5434791,,0,0.19189453125,20.0,0.40816326530612246,2.376446927663229,38.0,1.9,0.0,0.0,0.0,,0.0,
2.0,9,12,5434828,231.3,1,0.19189453125,20.0,0.40816326530612246,2.376446927663229,38.0,1.9,0.0,0.0,0.0,,0.0,
2.0,9,13,5434865,,0,0.19189453125,20.0,0.40816326530612246,2.376446927663229,38.0,1.9,0.0,0.0,0.0,,0.0,
2.0,9,14,5434902,,0,0.19189453125,20.0,0.40816326530612246,2.376446927663229,38.0,1.9,0.0,0.0,0.0,,0.0,
2.0,9,15,5434939,,0,0.19189453125,20.0,0.40816326530612246,2.376446927663229,38.0,1.9,0.0,0.0,0.0,,0.0,
2.0,9,16,5434976,288.0,1,0.19189453125,20.0,0.40816326530612246,2.376446927663229,38.0,1.9,0.0,0.0,0.0,,0.0,
2.0,9,17,5435013,,0,0.19189453125,20.0,0.40816326530612246,2.376446927663229,38.0,1.9,0.0,0.0,0.0,,0.0,
2.0,9,18,5435050,,0,0.19189453125,20.0,0.40816326530612246,2.376446927663229,38.0,1.9,0.0,0.0,0.0,,0.0,
2.0,9,19,5435087,167.1,1,0.19189453125,20.0,0.40816326530612246,2.376446927663229,38.0,1.9,0.0,0.0,0.0,,0.0,
2.0,9,20,5435124,296.1,1,0.19189453125,20.0,0.40816326530612246,2.376446927663229,38.0,1.9,0.0,0.0,0.0,,0.0,
2.0,9,21,5435161,,0,0.19189453125,20.0,0.40816326530612246,2.376446927663229,38.0,1.9,0.0,0.0,0.0,,0.0,
2.0,9,22,5435198,,0,0.19189453125,20.0,0.40816326530612246,2.376446927663229,38.0,1.9,0.0,0.0,0.0,,0.0,
2.0,9,23,5435235,,0,0.19189453125,20.0,0.40816326530612246,2.376446927663229,38.0,1.9,0.0,0.0,0.0,,0.0,
2.0,10,0,5435393,253.3,1,0.177490234375,18.0,0.28125,2.837687286471585,34.0,1.8888888888888888,0.0,0.0,0.0,,0.0,
2.0,10,1,5435430,,0,0.177490234375,18.0,0.28125,2.837687286471585,34.0,1.8888888888888888,0.0,0.0,0.0,,0.0,
2.0,10,2,5435467,,0,0.177490234375,18.0,0.28125,2.837687286471585,34.0,1.8888888888888888,0.0,0.0,0.0,,0.0,
2.0,10,3,5435504,,0,0.177490234375,18.0,0.28125,2.837687286471585,34.0,1.8888888888888888,0.0,0.0,0.0,,0.0,
2.0,10,4,5435541,,0,0.177490234375,18.0,0.28125,2.837687286471585,34.0,1.8888888888888888,0.0,0.0,0.0,,0.0,
2.0,10,5,5435578,161.70000000000002,1,0.177490234375,18.0,0.28125,2.837687286471585,34.0,1.8888888888888888,0.0,0.0,0.0,,0.0,
2.0,10,6,5435615,,0,0.177490234375,18.0,0.28125,2.837687286471585,34.0,1.8888888888888888,0.0,0.0,0.0,,0.0,
2.0,10,7,5435652,98.2,1,0.177490234375,18.0,0.28125,2.837687286471585,34.0,1.8888888888888888,0.0,0.0,0.0,,0.0,
2.0,10,8,5435689,,0,0.177490234375,18.0,0.28125,2.837687286471585,34.0,1.8888888888888888,0.0,0.0,0.0,,0.0,
2.0,10,9,5435726,,0,0.177490234375,18.0,0.28125,2.837687286471585,34.0,1.8888888888888888,0.0,0.0,0.0,,0.0,
2.0,10,10,5435763,,0,0.177490234375,18.0,0.28125,2.837687286471585,34.0,1.8888888888888888,0.0,0.0,0.0,,0.0,
2.0,10,11,5435800,270.7,1,0.177490234375,18.0,0.28125,2.837687286471585,34.0,1.8888888888888888,0.0,0.0,0.0,,0.0,
2.0,10,12,5435837,122.10000000000001,1,0.177490234375,18.0,0.28125,2.837687286471585,34.0,1.8888888888888888,0.0,0.0,0.0,,0.0,
2.0,10,13,5435874,,0,0.177490234375,18.0,0.28125,2.837687286471585,34.0,1.8888888888888888,0.0,0.0,0.0,,0.0,
2.0,10,14,5435911,280.0,1,0.177490234375,18.0,0.28125,2.837687286471585,34.0,1.8888888888888888,0.0,0.0,0.0,,0.0,
2.0,10,15,5435948,,0,0.177490234375,18.0,0.28125,2.837687286471585,34.0,1.8888888888888888,0.0,0.0,0.0,,0.0,
2.0,10,16,5435985,,0,0.177490234375,18.0,0.28125,2.837687286471585,34.0,1.8888888888888888,0.0,0.0,0.0,,0.0,
2.0,10,17,5436022,234.9,1,0.177490234375,18.0,0.28125,2.837687286471585,34.0,1.8888888888888888,0.0,0.0,0.0,,0.0,
2.0,10,18,5436059,,0,0.177490234375,18.0,0.28125,2.837687286471585,34.0,1.8888888888888888,0.0,0.0,0.0,,0.0,
2.0,10,19,5436096,,0,0.177490234375,18.0,0.28125,2.837687286471585,34.0,1.8888888888888888,0.0,0.0,0.0,,0.0,
2.0,10,20,5436133,,0,0.177490234375,18.0,0.28125,2.837687286471585,34.0,1.8888888888888888,0.0,0.0,0.0,,0.0,
2.0,10,21,5436170,,0,0.177490234375,18.0,0.28125,2.837687286471585,34.0,1.8888888888888888,0.0,0.0,0.0,,0.0,
2.0,10,22,5436207,,0,0.177490234375,18.0,0.28125,2.837687286471585,34.0,1.8888888888888888,0.0,0.0,0.0,,0.0,
2.0,10,23,5436244,130.9,1,0.177490234375,18.0,0.28125,2.837687286471585,34.0,1.8888888888888888,0.0,0.0,0.0,,0.0,
2.0,11,0,5436402,,0,0.1865234375,22.0,0.4489795918367347,2.3002874416145445,36.0,1.6363636363636365,0.000244140625,1.0,1.0,0.0,4.0,4.0
2.0,11,1,5436439,246.20000000000002,1,0.1865234375,22.0,0.4489795918367347,2.3002874416145445,36.0,1.6363636363636365,0.000244140625,1.0,1.0,0.0,4.0,4.0
2.0,11,2,5436476,,0,0.1865234375,22.0,0.4489795918367347,2.3002874416145445,36.0,1.6363636363636365,0.000244140625,1.0,1.0,0.0,4.0,4.0
2.0,11,3,5436513,229.0,1,0.1865234375,22.0,0.4489795918367347,2.3002874416145445,36.0,1.6363636363636365,0.000244140625,1.0,1.0,0.0,4.0,4.0
2.0,11,4,5436550,,0,0.1865234375,22.0,0.4489795918367347,2.3002874416145445,36.0,1.6363636363636365,0.000244140625,1.0,1.0,0.0,4.0,4.0
2.0,11,5,5436587,,0,0.1865234375,22.0,0.4489795918367347,2.3002874416145445,36.0,1.6363636363636365,0.000244140625,1.0,1.0,0.0,4.0,4.0
2.0,11,6,5436624,279.3,1,0.1865234375,22.0,0.4489795918367347,2.3002874416145445,36.0,1.6363636363636365,0.000244140625,1.0,1.0,0.0,4.0,4.0
2.0,11,7,5436661,212.9,1,0.1865234375,22.0,0.4489795918367347,2.3002874416145445,36.0,1.6363636363636365,0.000244140625,1.0,1.0,0.0,4.0,4.0
2.0,11,8,5436698,208.6,1,0.1865234375,22.0,0.4489795918367347,2.3002874416145445,36.0,1.6363636363636365,0.000244140625,1.0,1.0,0.0,4.0,4.0
2.0,11,9,5436735,,0,0.1865234375,22.0,0.4489795918367347,2.3002874416145445,36.0,1.6363636363636365,0.000244140625,1.0,1.0,0.0,4.0,4.0
2.0,11,10,5436772,,0,0.1865234375,22.0,0.4489795918367347,2.3002874416145445,36.0,1.6363636363636365,0.000244140625,1.0,1.0,0.0,4.0,4.0
2.0,11,11,5436809,258.3,1,0.1865234375,22.0,0.4489795918367347,2.3002874416145445,36.0,1.6363636363636365,0.000244140625,1.0,1.0,0.0,4.0,4.0
2.0,11,12,5436846,,0,0.1865234375,22.0,0.4489795918367347,2.3002874416145445,36.0,1.6363636363636365,0.000244140625,1.0,1.0,0.0,4.0,4.0
2.0,11,13,5436883,,0,0.1865234375,22.0,0.4489795918367347,2.3002874416145445,36.0,1.6363636363636365,0.000244140625,1.0,1.0,0.0,4.0,4.0
2.0,11,14,5436920,,0,0.1865234375,22.0,0.4489795918367347,2.3002874416145445,36.0,1.6363636363636365,0.000244140625,1.0,1.0,0.0,4.0,4.0
2.0,11,15,5436957,170.3,1,0.1865234375,22.0,0.4489795918367347,2.3002874416145445,36.0,1.6363636363636365,0.000244140625,1.0,1.0,0.0,4.0,4.0
2.0,11,16,5436994,262.4,1,0.1865234375,22.0,0.4489795918367347,2.3002874416145445,36.0,1.6363636363636365,0.000244140625,1.0,1.0,0.0,4.0,4.0
2.0,11,17,5437031,186.5,1,0.1865234375,22.0,0.4489795918367347,2.3002874416145445,36.0,1.6363636363636365,0.000244140625,1.0,1.0,0.0,4.0,4.0
2.0,11,18,5437068,,0,0.1865234375,22.0,0.4489795918367347,2.3002874416145445,36.0,1.6363636363636365,0.000244140625,1.0,1.0,0.0,4.0,4.0
2.0,11,19,5437105,138.5,1,0.1865234375,22.0,0.4489795918367347,2.3002874416145445,36.0,1.6363636363636365,0.000244140625,1.0,1.0,0.0,4.0,4.0
2.0,11,20,5437142,,0,0.1865234375,22.0,0.4489795918367347,2.3002874416145445,36.0,1.6363636363636365,0.000244140625,1.0,1.0,0.0,4.0,4.0
2.0,11,21,5437179,279.7,1,0.1865234375,22.0,0.4489795918367347,2.3002874416145445,36.0,1.6363636363636365,0.000244140625,1.0,1.0,0.0,4.0,4.0
2.0,11,22,5437216,145.3,1,0.1865234375,22.0,0.4489795918367347,2.3002874416145445,36.0,1.6363636363636365,0.000244140625,1.0,1.0,0.0,4.0,4.0
2.0,11,23,5437253,244.4,1,0.1865234375,22.0,0.4489795918367347,2.3002874416145445,36.0,1.6363636363636365,0.000244140625,1.0,1.0,0.0,4.0,4.0
3.0,0,0,6425306,166.70000000000002,1,0.28955078125,52.0,0.48148148148148145,3.761766549636553,78.0,1.5,0.0,0.0,0.0,,0.0,
3.0,0,1,6425343,247.4,1,0.28955078125,52.0,0.48148148148148145,3.761766549636553,78.0,1.5,0.0,0.0,0.0,,0.0,
3.0,0,2,6425380,,0,0.28955078125,52.0,0.48148148148148145,3.761766549636553,78.0,1.5,0.0,0.0,0.0,,0.0,
3.0,0,3,6425417,197.5,1,0.28955078125,52.0,0.48148148148148145,3.761766549636553,78.0,1.5,0.0,0.0,0.0,,0.0,
3.0,0,4,6425454,,0,0.28955078125,52.0,0.48148148148148145,3.761766549636553,78.0,1.5,0.0,0.0,0.0,,0.0,
3.0,0,5,6425491,,0,0.28955078125,52.0,0.48148148148148145,3.761766549636553,78.0,1.5,0.0,0.0,0.0,,0.0,
3.0,0,6,6425528,,0,0.28955078125,52.0,0.48148148148148145,3.761766549636553,78.0,1.5,0.0,0.0,0.0,,0.0,
3.0,0,7,6425565,,0,0.28955078125,52.0,0.48148148148148145,3.761766549636553,78.0,1.5,0.0,0.0,0.0,,0.0,
3.0,0,8,6425602,,0,0.28955078125,52.0,0.48148148148148145,3.761766549636553,78.0,1.5,0.0,0.0,0.0,,0.0,
3.0,0,9,6425639,,0,0.28955078125,52.0,0.48148148148148145,3.761766549636553,78.0,1.5,0.0,0.0,0.0,,0.0,
3.0,0,10,6425676,,0,0.28955078125,52.0,0.48148148148148145,3.761766549636553,78.0,1.5,0.0,0.0,0.0,,0.0,
3.0,0,11,6425713,,0,0.28955078125,52.0,0.48148148148148145,3.761766549636553,78.0,1.5,0.0,0.0,0.0,,0.0,
3.0,0,12,6425750,,0,0.28955078125,52.0,0.48148148148148145,3.761766549636553,78.0,1.5,0.0,0.0,0.0,,0.0,
3.0,0,13,6425787,,0,0.28955078125,52.0,0.48148148148148145,3.761766549636553,78.0,1.5,0.0,0.0,0.0,,0.0,
3.0,0,14,6425824,,0,0.28955078125,52.0,0.48148148148148145,3.761766549636553,78.0,1.5,0.0,0.0,0.0,,0.0,
3.0,0,15,6425861,,0,0.28955078125,52.0,0.48148148148148145,3.761766549636553,78.0,1.5,0.0,0.0,0.0,,0.0,
3.0,0,16,6425898,157.3,1,0.28955078125,52.0,0.48148148148148145,3.761766549636553,78.0,1.5,0.0,0.0,0.0,,0.0,
3.0,0,17,6425935,,0,0.28955078125,52.0,0.48148148148148145,3.761766549636553,78.0,1.5,0.0,0.0,0.0,,0.0,
3.0,0,18,6425972,,0,0.28955078125,52.0,0.48148148148148145,3.761766549636553,78.0,1.5,0.0,0.0,0.0,,0.0,
3.0,0,19,6426009,276.7,1,0.28955078125,52.0,0.48148148148148145,3.761766549636553,78.0,1.5,0.0,0.0,0.0,,0.0,
3.0,0,20,6426046,,0,0.28955078125,52.0,0.48148148148148145,3.761766549636553,78.0,1.5,0.0,0.0,0.0,,0.0,
3.0,0,21,6426083,288.90000000000003,1,0.28955078125,52.0,0.48148148148148145,3.761766549636553,78.0,1.5,0.0,0.0,0.0,,0.0,
3.0,0,22,6426120,285.0,1,0.28955078125,52.0,0.48148148148148145,3.761766549636553,78.0,1.5,0.0,0.0,0.0,,0.0,
3.0,0,23,6426157,,0,0.28955078125,52.0,0.48148148148148145,3.761766549636553,78.0,1.5,0.0,0.0,0.0,,0.0,
3.0,1,0,6426315,,0,0.27294921875,38.0,0.35185185185185186,3.3837029986952905,54.0,1.4210526315789473,0.000244140625,1.0,1.0,0.0,4.0,4.0
3.0,1,1,6426352,251.8,1,0.27294921875,38.0,0.35185185185185186,3.3837029986952905,54.0,1.4210526315789473,0.000244140625,1.0,1.0,0.0,4.0,4.0
3.0,1,2,6426389,,0,0.27294921875,38.0,0.35185185185185186,3.3837029986952905,54.0,1.4210526315789473,0.000244140625,1.0,1.0,0.0,4.0,4.0
3.0,1,3,6426426,,0,0.27294921875,38.0,0.35185185185185186,3.3837029986952905,54.0,1.4210526315789473,0.000244140625,1.0,1.0,0.0,4.0,4.0
3.0,1,4,6426463,,0,0.27294921875,38.0,0.35185185185185186,3.3837029986952905,54.0,1.4210526315789473,0.000244140625,1.0,1.0,0.0,4.0,4.0
3.0,1,5,6426500,,0,0.27294921875,38.0,0.35185185185185186,3.3837029986952905,54.0,1.4210526315789473,0.000244140625,1.0,1.0,0.0,4.0,4.0
3.0,1,6,6426537,140.1,1,0.27294921875,38.0,0.35185185185185186,3.3837029986952905,54.0,1.4210526315789473,0.000244140625,1.0,1.0,0.0,4.0,4.0
3.0,1,7,6426574,,0,0.27294921875,38.0,0.35185185185185186,3.3837029986952905,54.0,1.4210526315789473,0.000244140625,1.0,1.0,0.0,4.0,4.0
3.0,1,8,6426611,,0,0.27294921875,38.0,0.35185185185185186,3.3837029986952905,54.0,1.4210526315789473,0.000244140625,1.0,1.0,0.0,4.0,4.0
3.0,1,9,6426648,,0,0.27294921875,38.0,0.35185185185185186,3.3837029986952905,54.0,1.4210526315789473,0.000244140625,1.0,1.0,0.0,4.0,4.0
3.0,1,10,6426685,,0,0.27294921875,38.0,0.35185185185185186,3.3837029986952905,54.0,1.4210526315789473,0.000244140625,1.0,1.0,0.0,4.0,4.0
3.0,1,11,6426722,,0,0.27294921875,38.0,0.35185185185185186,3.3837029986952905,54.0,1.4210526315789473,0.000244140625,1.0,1.0,0.0,4.0,4.0
3.0,1,12,6426759,275.0,1,0.27294921875,38.0,0.35185185185185186,3.3837029986952905,54.0,1.4210526315789473,0.000244140625,1.0,1.0,0.0,4.0,4.0
3.0,1,13,6426796,285.2,1,0.27294921875,38.0,0.35185185185185186,3.3837029986952905,54.0,1.4210526315789473,0.000244140625,1.0,1.0,0.0,4.0,4.0
3.0,1,14,6426833,,0,0.27294921875,38.0,0.35185185185185186,3.3837029986952905,54.0,1.4210526315789473,0.000244140625,1.0,1.0,0.0,4.0,4.0
3.0,1,15,6426870,,0,0.27294921875,38.0,0.35185185185185186,3.3837029986952905,54.0,1.4210526315789473,0.000244140625,1.0,1.0,0.0,4.0,4.0
3.0,1,16,6426907,297.2,1,0.27294921875,38.0,0.35185185185185186,3.3837029986952905,54.0,1.4210526315789473,0.000244140625,1.0,1.0,0.0,4.0,4.0
3.0,1,17,6426944,259.3,1,0.27294921875,38.0,0.35185185185185186,3.3837029986952905,54.0,1.4210526315789473,0.000244140625,1.0,1.0,0.0,4.0,4.0
3.0,1,18,6426981,,0,0.27294921875,38.0,0.35185185185185186,3.3837029986952905,54.0,1.4210526315789473,0.000244140625,1.0,1.0,0.0,4.0,4.0
3.0,1,19,6427018,,0,0.27294921875,38.0,0.35185185185185186,3.3837029986952905,54.0,1.4210526315789473,0.000244140625,1.0,1.0,0.0,4.0,4.0
3.0,1,20,6427055,,0,0.27294921875,38.0,0.35185185185185186,3.3837029986952905,54.0,1.4210526315789473,0.000244140625,1.0,1.0,0.0,4.0,4.0
3.0,1,21,6427092,125.4,1,0.27294921875,38.0,0.35185185185185186,3.3837029986952905,54.0,1.4210526315789473,0.000244140625,1.0,1.0,0.0,4.0,4.0
3.0,1,22,6427129,292.3,1,0.27294921875,38.0,0.35185185185185186,3.3837029986952905,54.0,1.4210526315789473,0.000244140625,1.0,1.0,0.0,4.0,4.0
3.0,1,23,6427166,209.6,1,0.27294921875,38.0,0.35185185185185186,3.3837029986952905,54.0,1.4210526315789473,0.000244140625,1.0,1.0,0.0,4.0,4.0
3.0,2,0,6427324,267.4,1,0.286865234375,42.0,0.358974358974359,4.152219852707153,66.0,1.5714285714285714,0.000244140625,1.0,1.0,0.0,4.0,4.0
3.0,2,1,6427361,212.70000000000002,1,0.286865234375,42.0,0.358974358974359,4.152219852707153,66.0,1.5714285714285714,0.000244140625,1.0,1.0,0.0,4.0,4.0
3.0,2,2,6427398,,0,0.286865234375,42.0,0.358974358974359,4.152219852707153,66.0,1.5714285714285714,0.000244140625,1.0,1.0,0.0,4.0,4.0
3.0,2,3,6427435,,0,0.286865234375,42.0,0.358974358974359,4.152219852707153,66.0,1.5714285714285714,0.000244140625,1.0,1.0,0.0,4.0,4.0
3.0,2,4,6427472,,0,0.286865234375,42.0,0.358974358974359,4.152219852707153,66.0,1.5714285714285714,0.000244140625,1.0,1.0,0.0,4.0,4.0
3.0,2,5,6427509,,0,0.286865234375,42.0,0.358974358974359,4.152219852707153,66.0,1.5714285714285714,0.000244140625,1.0,1.0,0.0,4.0,4.0
3.0,2,6,6427546,150.8,1,0.286865234375,42.0,0.358974358974359,4.152219852707153,66.0,1.5714285714285714,0.000244140625,1.0,1.0,0.0,4.0,4.0
3.0,2,7,6427583,,0,0.286865234375,42.0,0.358974358974359,4.152219852707153,66.0,1.5714285714285714,0.000244140625,1.0,1.0,0.0,4.0,4.0
3.0,2,8,6427620,,0,0.286865234375,42.0,0.358974358974359,4.152219852707153,66.0,1.5714285714285714,0.000244140625,1.0,1.0,0.0,4.0,4.0
3.0,2,9,6427657,,0,0.286865234375,42.0,0.358974358974359,4.152219852707153,66.0,1.5714285714285714,0.000244140625,1.0,1.0,0.0,4.0,4.0
3.0,2,10,6427694,,0,0.286865234375,42.0,0.358974358974359,4.152219852707153,66.0,1.5714285714285714,0.000244140625,1.0,1.0,0.0,4.0,4.0
3.0,2,11,6427731,,0,0.286865234375,42.0,0.358974358974359,4.152219852707153,66.0,1.5714285714285714,0.000244140625,1.0,1.0,0.0,4.0,4.0
3.0,2,12,6427768,,0,0.286865234375,42.0,0.358974358974359,4.152219852707153,66.0,1.5714285714285714,0.000244140625,1.0,1.0,0.0,4.0,4.0
3.0,2,13,6427805,,0,0.286865234375,42.0,0.358974358974359,4.152219852707153,66.0,1.5714285714285714,0.000244140625,1.0,1.0,0.0,4.0,4.0
3.0,2,14,6427842,108.60000000000001,1,0.286865234375,42.0,0.358974358974359,4.152219852707153,66.0,1.5714285714285714,0.000244140625,1.0,1.0,0.0,4.0,4.0
3.0,2,15,6427879,276.6,1,0.286865234375,42.0,0.358974358974359,4.152219852707153,66.0,1.5714285714285714,0.000244140625,1.0,1.0,0.0,4.0,4.0
3.0,2,16,6427916,244.1,1,0.286865234375,42.0,0.358974358974359,4.152219852707153,66.0,1.5714285714285714,0.000244140625,1.0,1.0,0.0,4.0,4.0
3.0,2,17,6427953,235.9,1,0.286865234375,42.0,0.358974358974359,4.152219852707153,66.0,1.5714285714285714,0.000244140625,1.0,1.0,0.0,4.0,4.0
3.0,2,18,6427990,287.90000000000003,1,0.286865234375,42.0,0.358974358974359,4.152219852707153,66.0,1.5714285714285714,0.000244140625,1.0,1.0,0.0,4.0,4.0
3.0,2,19,6428027,,0,0.286865234375,42.0,0.358974358974359,4.152219852707153,66.0,1.5714285714285714,0.000244140625,1.0,1.0,0.0,4.0,4.0
3.0,2,20,6428064,,0,0.286865234375,42.0,0.358974358974359,4.152219852707153,66.0,1.5714285714285714,0.000244140625,1.0,1.0,0.0,4.0,4.0
3.0,2,21,6428101,,0,0.286865234375,42.0,0.358974358974359,4.152219852707153,66.0,1.5714285714285714,0.000244140625,1.0,1.0,0.0,4.0,4.0
3.0,2,22,6428138,,0,0.286865234375,42.0,0.358974358974359,4.152219852707153,66.0,1.5714285714285714,0.000244140625,1.0,1.0,0.0,4.0,4.0
3.0,2,23,6428175,,0,0.286865234375,42.0,0.358974358974359,4.152219852707153,66.0,1.5714285714285714,0.000244140625,1.0,1.0,0.0,4.0,4.0
3.0,3,0,6428333,,0,0.2880859375,46.0,0.35384615384615387,4.1360373901846765,66.0,1.434782608695652,0.00048828125,1.0,1.0,0.0,4.0,4.0
3.0,3,1,6428370,,0,0.2880859375,46.0,0.35384615384615387,4.1360373901846765,66.0,1.434782608695652,0.00048828125,1.0,1.0,0.0,4.0,4.0
3.0,3,2,6428407,288.5,1,0.2880859375,46.0,0.35384615384615387,4.1360373901846765,66.0,1.434782608695652,0.00048828125,1.0,1.0,0.0,4.0,4.0
3.0,3,3,6428444,,0,0.2880859375,46.0,0.35384615384615387,4.1360373901846765,66.0,1.434782608695652,0.00048828125,1.0,1.0,0.0,4.0,4.0
3.0,3,4,6428481,117.60000000000001,1,0.2880859375,46.0,0.35384615384615387,4.1360373901846765,66.0,1.434782608695652,0.00048828125,1.0,1.0,0.0,4.0,4.0
3.0,3,5,6428518,,0,0.2880859375,46.0,0.35384615384615387,4.1360373901846765,66.0,1.434782608695652,0.00048828125,1.0,1.0,0.0,4.0,4.0
3.0,3,6,6428555,,0,0.2880859375,46.0,0.35384615384615387,4.1360373901846765,66.0,1.434782608695652,0.00048828125,1.0,1.0,0.0,4.0,4.0
3.0,3,7,6428592,174.70000000000002,1,0.2880859375,46.0,0.35384615384615387,4.1360373901846765,66.0,1.434782608695652,0.00048828125,1.0,1.0,0.0,4.0,4.0
3.0,3,8,6428629,258.4,1,0.2880859375,46.0,0.35384615384615387,4.1360373901846765,66.0,1.434782608695652,0.00048828125,1.0,1.0,0.0,4.0,4.0
3.0,3,9,6428666,,0,0.2880859375,46.0,0.35384615384615387,4.1360373901846765,66.0,1.434782608695652,0.00048828125,1.0,1.0,0.0,4.0,4.0
3.0,3,10,6428703,,0,0.2880859375,46.0,0.35384615384615387,4.1360373901846765,66.0,1.434782608695652,0.00048828125,1.0,1.0,0.0,4.0,4.0
3.0,3,11,6428740,134.1,1,0.2880859375,46.0,0.35384615384615387,4.1360373901846765,66.0,1.434782608695652,0.00048828125,1.0,1.0,0.0,4.0,4.0
3.0,3,12,6428777,,0,0.2880859375,46.0,0.35384615384615387,4.1360373901846765,66.0,1.434782608695652,0.00048828125,1.0,1.0,0.0,4.0,4.0
3.0,3,13,6428814,,0,0.2880859375,46.0,0.35384615384615387,4.1360373901846765,66.0,1.434782608695652,0.00048828125,1.0,1.0,0.0,4.0,4.0
3.0,3,14,6428851,166.0,1,0.2880859375,46.0,0.35384615384615387,4.1360373901846765,66.0,1.434782608695652,0.00048828125,1.0,1.0,0.0,4.0,4.0
3.0,3,15,6428888,282.1,1,0.2880859375,46.0,0.35384615384615387,4.1360373901846765,66.0,1.434782608695652,0.00048828125,1.0,1.0,0.0,4.0,4.0
3.0,3,16,6428925,,0,0.2880859375,46.0,0.35384615384615387,4.1360373901846765,66.0,1.434782608695652,0.00048828125,1.0,1.0,0.0,4.0,4.0
3.0,3,17,6428962,,0,0.2880859375,46.0,0.35384615384615387,4.1360373901846765,66.0,1.434782608695652,0.00048828125,1.0,1.0,0.0,4.0,4.0
3.0,3,18,6428999,228.1,1,0.2880859375,46.0,0.35384615384615387,4.1360373901846765,66.0,1.434782608695652,0.00048828125,1.0,1.0,0.0,4.0,4.0
3.0,3,19,6429036,140.70000000000002,1,0.2880859375,46.0,0.35384615384615387,4.1360373901846765,66.0,1.434782608695652,0.00048828125,1.0,1.0,0.0,4.0,4.0
3.0,3,20,6429073,,0,0.2880859375,46.0,0.35384615384615387,4.1360373901846765,66.0,1.434782608695652,0.00048828125,1.0,1.0,0.0,4.0,4.0
3.0,3,21,6429110,,0,0.2880859375,46.0,0.35384615384615387,4.1360373901846765,66.0,1.434782608695652,0.00048828125,1.0,1.0,0.0,4.0,4.0
3.0,3,22,6429147,202.4,1,0.2880859375,46.0,0.35384615384615387,4.1360373901846765,66.0,1.434782608695652,0.00048828125,1.0,1.0,0.0,4.0,4.0
3.0,3,23,6429184,,0,0.2880859375,46.0,0.35384615384615387,4.1360373901846765,66.0,1.434782608695652,0.00048828125,1.0,1.0,0.0,4.0,4.0
3.0,4,0,6429342,,0,0.27587890625,27.0,0.35064935064935066,3.02254900194121,44.0,1.6296296296296295,0.000244140625,1.0,1.0,0.0,4.0,4.0
3.0,4,1,6429379,,0,0.27587890625,27.0,0.35064935064935066,3.02254900194121,44.0,1.6296296296296295,0.000244140625,1.0,1.0,0.0,4.0,4.0
3.0,4,2,6429416,,0,0.27587890625,27.0,0.35064935064935066,3.02254900194121,44.0,1.6296296296296295,0.000244140625,1.0,1.0,0.0,4.0,4.0
3.0,4,3,6429453,,0,0.27587890625,27.0,0.35064935064935066,3.02254900194121,44.0,1.6296296296296295,0.000244140625,1.0,1.0,0.0,4.0,4.0
3.0,4,4,6429490,,0,0.27587890625,27.0,0.35064935064935066,3.02254900194121,44.0,1.6296296296296295,0.000244140625,1.0,1.0,0.0,4.0,4.0
3.0,4,5,6429527,183.4,1,0.27587890625,27.0,0.35064935064935066,3.02254900194121,44.0,1.6296296296296295,0.000244140625,1.0,1.0,0.0,4.0,4.0
3.0,4,6,6429564,227.6,1,0.27587890625,27.0,0.35064935064935066,3.02254900194121,44.0,1.6296296296296295,0.000244140625,1.0,1.0,0.0,4.0,4.0
3.0,4,7,6429601,,0,0.27587890625,27.0,0.35064935064935066,3.02254900194121,44.0,1.6296296296296295,0.000244140625,1.0,1.0,0.0,4.0,4.0
3.0,4,8,6429638,294.0,1,0.27587890625,27.0,0.35064935064935066,3.02254900194121,44.0,1.6296296296296295,0.000244140625,1.0,1.0,0.0,4.0,4.0
3.0,4,9,6429675,,0,0.27587890625,27.0,0.35064935064935066,3.02254900194121,44.0,1.6296296296296295,0.000244140625,1.0,1.0,0.0,4.0,4.0
3.0,4,10,6429712,,0,0.27587890625,27.0,0.35064935064935066,3.02254900194121,44.0,1.6296296296296295,0.000244140625,1.0,1.0,0.0,4.0,4.0
3.0,4,11,6429749,,0,0.27587890625,27.0,0.35064935064935066,3.02254900194121,44.0,1.6296296296296295,0.000244140625,1.0,1.0,0.0,4.0,4.0
3.0,4,12,6429786,,0,0.27587890625,27.0,0.35064935064935066,3.02254900194121,44.0,1.6296296296296295,0.000244140625,1.0,1.0,0.0,4.0,4.0
3.0,4,13,6429823,175.6,1,0.27587890625,27.0,0.35064935064935066,3.02254900194121,44.0,1.6296296296296295,0.000244140625,1.0,1.0,0.0,4.0,4.0
3.0,4,14,6429860,,0,0.27587890625,27.0,0.35064935064935066,3.02254900194121,44.0,1.6296296296296295,0.000244140625,1.0,1.0,0.0,4.0,4.0
3.0,4,15,6429897,239.5,1,0.27587890625,27.0,0.35064935064935066,3.02254900194121,44.0,1.6296296296296295,0.000244140625,1.0,1.0,0.0,4.0,4.0
3.0,4,16,6429934,,0,0.27587890625,27.0,0.35064935064935066,3.02254900194121,44.0,1.6296296296296295,0.000244140625,1.0,1.0,0.0,4.0,4.0
3.0,4,17,6429971,,0,0.27587890625,27.0,0.35064935064935066,3.02254900194121,44.0,1.6296296296296295,0.000244140625,1.0,1.0,0.0,4.0,4.0
3.0,4,18,6430008,,0,0.27587890625,27.0,0.35064935064935066,3.02254900194121,44.0,1.6296296296296295,0.000244140625,1.0,1.0,0.0,4.0,4.0
3.0,4,19,6430045,,0,0.27587890625,27.0,0.35064935064935066,3.02254900194121,44.0,1.6296296296296295,0.000244140625,1.0,1.0,0.0,4.0,4.0
3.0,4,20,6430082,,0,0.27587890625,27.0,0.35064935064935066,3.02254900194121,44.0,1.6296296296296295,0.000244140625,1.0,1.0,0.0,4.0,4.0
3.0,4,21,6430119,,0,0.27587890625,27.0,0.35064935064935066,3.02254900194121,44.0,1.6296296296296295,0.000244140625,1.0,1.0,0.0,4.0,4.0
3.0,4,22,6430156,,0,0.27587890625,27.0,0.35064935064935066,3.02254900194121,44.0,1.6296296296296295,0.000244140625,1.0,1.0,0.0,4.0,4.0
3.0,4,23,6430193,,0,0.27587890625,27.0,0.35064935064935066,3.02254900194121,44.0,1.6296296296296295,0.000244140625,1.0,1.0,0.0,4.0,4.0
3.0,5,0,6430351,,0,0.28369140625,39.0,0.3939393939393939,3.223638855202385,52.0,1.3333333333333333,0.0,0.0,0.0,,0.0,
3.0,5,1,6430388,,0,0.28369140625,39.0,0.3939393939393939,3.223638855202385,52.0,1.3333333333333333,0.0,0.0,0.0,,0.0,
3.0,5,2,6430425,184.1,1,0.28369140625,39.0,0.3939393939393939,3.223638855202385,52.0,1.3333333333333333,0.0,0.0,0.0,,0.0,
3.0,5,3,6430462,,0,0.28369140625,39.0,0.3939393939393939,3.223638855202385,52.0,1.3333333333333333,0.0,0.0,0.0,,0.0,
3.0,5,4,6430499,,0,0.28369140625,39.0,0.3939393939393939,3.223638855202385,52.0,1.3333333333333333,0.0,0.0,0.0,,0.0,
3.0,5,5,6430536,,0,0.28369140625,39.0,0.3939393939393939,3.223638855202385,52.0,1.3333333333333333,0.0,0.0,0.0,,0.0,
3.0,5,6,6430573,,0,0.28369140625,39.0,0.3939393939393939,3.223638855202385,52.0,1.3333333333333333,0.0,0.0,0.0,,0.0,
3.0,5,7,6430610,208.4,1,0.28369140625,39.0,0.3939393939393939,3.223638855202385,52.0,1.3333333333333333,0.0,0.0,0.0,,0.0,
3.0,5,8,6430647,,0,0.28369140625,39.0,0.3939393939393939,3.223638855202385,52.0,1.3333333333333333,0.0,0.0,0.0,,0.0,
3.0,5,9,6430684,186.5,1,0.28369140625,39.0,0.3939393939393939,3.223638855202385,52.0,1.3333333333333333,0.0,0.0,0.0,,0.0,
3.0,5,10,6430721,,0,0.28369140625,39.0,0.3939393939393939,3.223638855202385,52.0,1.3333333333333333,0.0,0.0,0.0,,0.0,
3.0,5,11,6430758,138.4,1,0.28369140625,39.0,0.3939393939393939,3.223638855202385,52.0,1.3333333333333333,0.0,0.0,0.0,,0.0,
3.0,5,12,6430795,,0,0.28369140625,39.0,0.3939393939393939,3.223638855202385,52.0,1.3333333333333333,0.0,0.0,0.0,,0.0,
3.0,5,13,6430832,,0,0.28369140625,39.0,0.3939393939393939,3.223638855202385,52.0,1.3333333333333333,0.0,0.0,0.0,,0.0,
3.0,5,14,6430869,252.5,1,0.28369140625,39.0,0.3939393939393939,3.223638855202385,52.0,1.3333333333333333,0.0,0.0,0.0,,0.0,
3.0,5,15,6430906,,0,0.28369140625,39.0,0.3939393939393939,3.223638855202385,52.0,1.3333333333333333,0.0,0.0,0.0,,0.0,
3.0,5,16,6430943,95.60000000000001,1,0.28369140625,39.0,0.3939393939393939,3.223638855202385,52.0,1.3333333333333333,0.0,0.0,0.0,,0.0,
3.0,5,17,6430980,168.8,1,0.28369140625,39.0,0.3939393939393939,3.223638855202385,52.0,1.3333333333333333,0.0,0.0,0.0,,0.0,
3.0,5,18,6431017,270.4,1,0.28369140625,39.0,0.3939393939393939,3.223638855202385,52.0,1.3333333333333333,0.0,0.0,0.0,,0.0,
3.0,5,19,6431054,140.20000000000002,1,0.28369140625,39.0,0.3939393939393939,3.223638855202385,52.0,1.3333333333333333,0.0,0.0,0.0,,0.0,
3.0,5,20,6431091,137.5,1,0.28369140625,39.0,0.3939393939393939,3.223638855202385,52.0,1.3333333333333333,0.0,0.0,0.0,,0.0,
3.0,5,21,6431128,,0,0.28369140625,39.0,0.3939393939393939,3.223638855202385,52.0,1.3333333333333333,0.0,0.0,0.0,,0.0,
3.0,5,22,6431165,,0,0.28369140625,39.0,0.3939393939393939,3.223638855202385,52.0,1.3333333333333333,0.0,0.0,0.0,,0.0,
3.0,5,23,6431202,,0,0.28369140625,39.0,0.3939393939393939,3.223638855202385,52.0,1.3333333333333333,0.0,0.0,0.0,,0.0,
3.0,6,0,6431360,179.3,1,0.281494140625,44.0,0.4888888888888889,3.5942878235719644,72.0,1.6363636363636365,0.0009765625,2.0,1.0,0.5,6.0,3.0
3.0,6,1,6431397,238.20000000000002,1,0.281494140625,44.0,0.4888888888888889,3.5942878235719644,72.0,1.6363636363636365,0.0009765625,2.0,1.0,0.5,6.0,3.0
3.0,6,2,6431434,244.0,1,0.281494140625,44.0,0.4888888888888889,3.5942878235719644,72.0,1.6363636363636365,0.0009765625,2.0,1.0,0.5,6.0,3.0
3.0,6,3,6431471,99.5,1,0.281494140625,44.0,0.4888888888888889,3.5942878235719644,72.0,1.6363636363636365,0.0009765625,2.0,1.0,0.5,6.0,3.0
3.0,6,4,6431508,267.1,1,0.281494140625,44.0,0.4888888888888889,3.5942878235719644,72.0,1.6363636363636365,0.0009765625,2.0,1.0,0.5,6.0,3.0
3.0,6,5,6431545,169.1,1,0.281494140625,44.0,0.4888888888888889,3.5942878235719644,72.0,1.6363636363636365,0.0009765625,2.0,1.0,0.5,6.0,3.0
3.0,6,6,6431582,,0,0.281494140625,44.0,0.4888888888888889,3.5942878235719644,72.0,1.6363636363636365,0.0009765625,2.0,1.0,0.5,6.0,3.0
3.0,6,7,6431619,278.5,1,0.281494140625,44.0,0.4888888888888889,3.5942878235719644,72.0,1.6363636363636365,0.0009765625,2.0,1.0,0.5,6.0,3.0
3.0,6,8,6431656,279.1,1,0.281494140625,44.0,0.4888888888888889,3.5942878235719644,72.0,1.6363636363636365,0.0009765625,2.0,1.0,0.5,6.0,3.0
3.0,6,9,6431693,,0,0.281494140625,44.0,0.4888888888888889,3.5942878235719644,72.0,1.6363636363636365,0.0009765625,2.0,1.0,0.5,6.0,3.0
3.0,6,10,6431730,246.5,1,0.281494140625,44.0,0.4888888888888889,3.5942878235719644,72.0,1.6363636363636365,0.0009765625,2.0,1.0,0.5,6.0,3.0
3.0,6,11,6431767,,0,0.281494140625,44.0,0.4888888888888889,3.5942878235719644,72.0,1.6363636363636365,0.0009765625,2.0,1.0,0.5,6.0,3.0
3.0,6,12,6431804,215.70000000000002,1,0.281494140625,44.0,0.4888888888888889,3.5942878235719644,72.0,1.6363636363636365,0.0009765625,2.0,1.0,0.5,6.0,3.0
3.0,6,13,6431841,,0,0.281494140625,44.0,0.4888888888888889,3.5942878235719644,72.0,1.6363636363636365,0.0009765625,2.0,1.0,0.5,6.0,3.0
3.0,6,14,6431878,177.5,1,0.281494140625,44.0,0.4888888888888889,3.5942878235719644,72.0,1.6363636363636365,0.0009765625,2.0,1.0,0.5,6.0,3.0
3.0,6,15,6431915,,0,0.281494140625,44.0,0.4888888888888889,3.5942878235719644,72.0,1.6363636363636365,0.0009765625,2.0,1.0,0.5,6.0,3.0
3.0,6,16,6431952,276.1,1,0.281494140625,44.0,0.4888888888888889,3.5942878235719644,72.0,1.6363636363636365,0.0009765625,2.0,1.0,0.5,6.0,3.0
3.0,6,17,6431989,,0,0.281494140625,44.0,0.4888888888888889,3.5942878235719644,72.0,1.6363636363636365,0.0009765625,2.0,1.0,0.5,6.0,3.0
3.0,6,18,6432026,115.2,1,0.281494140625,44.0,0.4888888888888889,3.5942878235719644,72.0,1.6363636363636365,0.0009765625,2.0,1.0,0.5,6.0,3.0
3.0,6,19,6432063,,0,0.281494140625,44.0,0.4888888888888889,3.5942878235719644,72.0,1.6363636363636365,0.0009765625,2.0,1.0,0.5,6.0,3.0
3.0,6,20,6432100,229.3,1,0.281494140625,44.0,0.4888888888888889,3.5942878235719644,72.0,1.6363636363636365,0.0009765625,2.0,1.0,0.5,6.0,3.0
3.0,6,21,6432137,,0,0.281494140625,44.0,0.4888888888888889,3.5942878235719644,72.0,1.6363636363636365,0.0009765625,2.0,1.0,0.5,6.0,3.0
3.0,6,22,6432174,213.20000000000002,1,0.281494140625,44.0,0.4888888888888889,3.5942878235719644,72.0,1.6363636363636365,0.0009765625,2.0,1.0,0.5,6.0,3.0
3.0,6,23,6432211,,0,0.281494140625,44.0,0.4888888888888889,3.5942878235719644,72.0,1.6363636363636365,0.0009765625,2.0,1.0,0.5,6.0,3.0
3.0,7,0,6432369,,0,0.294189453125,51.0,0.3269230769230769,4.118860698829585,82.0,1.607843137254902,0.00048828125,1.0,1.0,0.0,4.0,4.0
3.0,7,1,6432406,,0,0.294189453125,51.0,0.3269230769230769,4.118860698829585,82.0,1.607843137254902,0.00048828125,1.0,1.0,0.0,4.0,4.0
3.0,7,2,6432443,230.70000000000002,1,0.294189453125,51.0,0.3269230769230769,4.118860698829585,82.0,1.607843137254902,0.00048828125,1.0,1.0,0.0,4.0,4.0
3.0,7,3,6432480,224.5,1,0.294189453125,51.0,0.3269230769230769,4.118860698829585,82.0,1.607843137254902,0.00048828125,1.0,1.0,0.0,4.0,4.0
3.0,7,4,6432517,,0,0.294189453125,51.0,0.3269230769230769,4.118860698829585,82.0,1.607843137254902,0.00048828125,1.0,1.0,0.0,4.0,4.0
3.0,7,5,6432554,,0,0.294189453125,51.0,0.3269230769230769,4.118860698829585,82.0,1.607843137254902,0.00048828125,1.0,1.0,0.0,4.0,4.0
3.0,7,6,6432591,193.6,1,0.294189453125,51.0,0.3269230769230769,4.118860698829585,82.0,1.607843137254902,0.00048828125,1.0,1.0,0.0,4.0,4.0
3.0,7,7,6432628,,0,0.294189453125,51.0,0.3269230769230769,4.118860698829585,82.0,1.607843137254902,0.00048828125,1.0,1.0,0.0,4.0,4.0
3.0,7,8,6432665,272.7,1,0.294189453125,51.0,0.3269230769230769,4.118860698829585,82.0,1.607843137254902,0.00048828125,1.0,1.0,0.0,4.0,4.0
3.0,7,9,6432702,,0,0.294189453125,51.0,0.3269230769230769,4.118860698829585,82.0,1.607843137254902,0.00048828125,1.0,1.0,0.0,4.0,4.0
3.0,7,10,6432739,272.8,1,0.294189453125,51.0,0.3269230769230769,4.118860698829585,82.0,1.607843137254902,0.00048828125,1.0,1.0,0.0,4.0,4.0
3.0,7,11,6432776,199.3,1,0.294189453125,51.0,0.3269230769230769,4.118860698829585,82.0,1.607843137254902,0.00048828125,1.0,1.0,0.0,4.0,4.0
3.0,7,12,6432813,,0,0.294189453125,51.0,0.3269230769230769,4.118860698829585,82.0,1.607843137254902,0.00048828125,1.0,1.0,0.0,4.0,4.0
3.0,7,13,6432850,,0,0.294189453125,51.0,0.3269230769230769,4.118860698829585,82.0,1.607843137254902,0.00048828125,1.0,1.0,0.0,4.0,4.0
3.0,7,14,6432887,,0,0.294189453125,51.0,0.3269230769230769,4.118860698829585,82.0,1.607843137254902,0.00048828125,1.0,1.0,0.0,4.0,4.0
3.0,7,15,6432924,,0,0.294189453125,51.0,0.3269230769230769,4.118860698829585,82.0,1.607843137254902,0.00048828125,1.0,1.0,0.0,4.0,4.0
3.0,7,16,6432961,,0,0.294189453125,51.0,0.3269230769230769,4.118860698829585,82.0,1.607843137254902,0.00048828125,1.0,1.0,0.0,4.0,4.0
3.0,7,17,6432998,242.1,1,0.294189453125,51.0,0.3269230769230769,4.118860698829585,82.0,1.607843137254902,0.00048828125,1.0,1.0,0.0,4.0,4.0
3.0,7,18,6433035,,0,0.294189453125,51.0,0.3269230769230769,4.118860698829585,82.0,1.607843137254902,0.00048828125,1.0,1.0,0.0,4.0,4.0
3.0,7,19,6433072,,0,0.294189453125,51.0,0.3269230769230769,4.118860698829585,82.0,1.607843137254902,0.00048828125,1.0,1.0,0.0,4.0,4.0
3.0,7,20,6433109,,0,0.294189453125,51.0,0.3269230769230769,4.118860698829585,82.0,1.607843137254902,0.00048828125,1.0,1.0,0.0,4.0,4.0
3.0,7,21,6433146,,0,0.294189453125,51.0,0.3269230769230769,4.118860698829585,82.0,1.607843137254902,0.00048828125,1.0,1.0,0.0,4.0,4.0
3.0,7,22,6433183,,0,0.294189453125,51.0,0.3269230769230769,4.118860698829585,82.0,1.607843137254902,0.00048828125,1.0,1.0,0.0,4.0,4.0
3.0,7,23,6433220,,0,0.294189453125,51.0,0.3269230769230769,4.118860698829585,82.0,1.607843137254902,0.00048828125,1.0,1.0,0.0,4.0,4.0
3.0,8,0,6433378,,0,0.27978515625,26.0,0.5306122448979592,2.5691616757176514,42.0,1.6153846153846154,0.0,0.0,0.0,,0.0,
3.0,8,1,6433415,,0,0.27978515625,26.0,0.5306122448979592,2.5691616757176514,42.0,1.6153846153846154,0.0,0.0,0.0,,0.0,
3.0,8,2,6433452,,0,0.27978515625,26.0,0.5306122448979592,2.5691616757176514,42.0,1.6153846153846154,0.0,0.0,0.0,,0.0,
3.0,8,3,6433489,,0,0.27978515625,26.0,0.5306122448979592,2.5691616757176514,42.0,1.6153846153846154,0.0,0.0,0.0,,0.0,
3.0,8,4,6433526,,0,0.27978515625,26.0,0.5306122448979592,2.5691616757176514,42.0,1.6153846153846154,0.0,0.0,0.0,,0.0,
3.0,8,5,6433563,89.10000000000001,1,0.27978515625,26.0,0.5306122448979592,2.5691616757176514,42.0,1.6153846153846154,0.0,0.0,0.0,,0.0,
3.0,8,6,6433600,,0,0.27978515625,26.0,0.5306122448979592,2.5691616757176514,42.0,1.6153846153846154,0.0,0.0,0.0,,0.0,
3.0,8,7,6433637,204.9,1,0.27978515625,26.0,0.5306122448979592,2.5691616757176514,42.0,1.6153846153846154,0.0,0.0,0.0,,0.0,
3.0,8,8,6433674,,0,0.27978515625,26.0,0.5306122448979592,2.5691616757176514,42.0,1.6153846153846154,0.0,0.0,0.0,,0.0,
3.0,8,9,6433711,122.3,1,0.27978515625,26.0,0.5306122448979592,2.5691616757176514,42.0,1.6153846153846154,0.0,0.0,0.0,,0.0,
3.0,8,10,6433748,,0,0.27978515625,26.0,0.5306122448979592,2.5691616757176514,42.0,1.6153846153846154,0.0,0.0,0.0,,0.0,
3.0,8,11,6433785,,0,0.27978515625,26.0,0.5306122448979592,2.5691616757176514,42.0,1.6153846153846154,0.0,0.0,0.0,,0.0,
3.0,8,12,6433822,,0,0.27978515625,26.0,0.5306122448979592,2.5691616757176514,42.0,1.6153846153846154,0.0,0.0,0.0,,0.0,
3.0,8,13,6433859,258.6,1,0.27978515625,26.0,0.5306122448979592,2.5691616757176514,42.0,1.6153846153846154,0.0,0.0,0.0,,0.0,
3.0,8,14,6433896,264.0,1,0.27978515625,26.0,0.5306122448979592,2.5691616757176514,42.0,1.6153846153846154,0.0,0.0,0.0,,0.0,
3.0,8,15,6433933,,0,0.27978515625,26.0,0.5306122448979592,2.5691616757176514,42.0,1.6153846153846154,0.0,0.0,0.0,,0.0,
3.0,8,16,6433970,210.1,1,0.27978515625,26.0,0.5306122448979592,2.5691616757176514,42.0,1.6153846153846154,0.0,0.0,0.0,,0.0,
3.0,8,17,6434007,,0,0.27978515625,26.0,0.5306122448979592,2.5691616757176514,42.0,1.6153846153846154,0.0,0.0,0.0,,0.0,
3.0,8,18,6434044,187.5,1,0.27978515625,26.0,0.5306122448979592,2.5691616757176514,42.0,1.6153846153846154,0.0,0.0,0.0,,0.0,
3.0,8,19,6434081,,0,0.27978515625,26.0,0.5306122448979592,2.5691616757176514,42.0,1.6153846153846154,0.0,0.0,0.0,,0.0,
3.0,8,20,6434118,244.9,1,0.27978515625,26.0,0.5306122448979592,2.5691616757176514,42.0,1.6153846153846154,0.0,0.0,0.0,,0.0,
3.0,8,21,6434155,,0,0.27978515625,26.0,0.5306122448979592,2.5691616757176514,42.0,1.6153846153846154,0.0,0.0,0.0,,0.0,
3.0,8,22,6434192,,0,0.27978515625,26.0,0.5306122448979592,2.5691616757176514,42.0,1.6153846153846154,0.0,0.0,0.0,,0.0,
3.0,8,23,6434229,,0,0.27978515625,26.0,0.5306122448979592,2.5691616757176514,42.0,1.6153846153846154,0.0,0.0,0.0,,0.0,
3.0,9,0,6434387,,0,0.2919921875,43.0,0.3412698412698413,4.051587300536292,70.0,1.627906976744186,0.00048828125,1.0,1.0,0.0,4.0,4.0
3.0,9,1,6434424,,0,0.2919921875,43.0,0.3412698412698413,4.051587300536292,70.0,1.627906976744186,0.00048828125,1.0,1.0,0.0,4.0,4.0
3.0,9,2,6434461,,0,0.2919921875,43.0,0.3412698412698413,4.051587300536292,70.0,1.627906976744186,0.00048828125,1.0,1.0,0.0,4.0,4.0
3.0,9,3,6434498,,0,0.2919921875,43.0,0.3412698412698413,4.051587300536292,70.0,1.627906976744186,0.00048828125,1.0,1.0,0.0,4.0,4.0
3.0,9,4,6434535,205.8,1,0.2919921875,43.0,0.3412698412698413,4.051587300536292,70.0,1.627906976744186,0.00048828125,1.0,1.0,0.0,4.0,4.0
3.0,9,5,6434572,245.5,1,0.2919921875,43.0,0.3412698412698413,4.051587300536292,70.0,1.627906976744186,0.00048828125,1.0,1.0,0.0,4.0,4.0
3.0,9,6,6434609,154.0,1,0.2919921875,43.0,0.3412698412698413,4.051587300536292,70.0,1.627906976744186,0.00048828125,1.0,1.0,0.0,4.0,4.0
3.0,9,7,6434646,,0,0.2919921875,43.0,0.3412698412698413,4.051587300536292,70.0,1.627906976744186,0.00048828125,1.0,1.0,0.0,4.0,4.0
3.0,9,8,6434683,,0,0.2919921875,43.0,0.3412698412698413,4.051587300536292,70.0,1.627906976744186,0.00048828125,1.0,1.0,0.0,4.0,4.0
3.0,9,9,6434720,,0,0.2919921875,43.0,0.3412698412698413,4.051587300536292,70.0,1.627906976744186,0.00048828125,1.0,1.0,0.0,4.0,4.0
3.0,9,10,6434757,,0,0.2919921875,43.0,0.3412698412698413,4.051587300536292,70.0,1.627906976744186,0.00048828125,1.0,1.0,0.0,4.0,4.0
3.0,9,11,6434794,288.1,1,0.2919921875,43.0,0.3412698412698413,4.051587300536292,70.0,1.627906976744186,0.00048828125,1.0,1.0,0.0,4.0,4.0
3.0,9,12,6434831,,0,0.2919921875,43.0,0.3412698412698413,4.051587300536292,70.0,1.627906976744186,0.00048828125,1.0,1.0,0.0,4.0,4.0
3.0,9,13,6434868,202.5,1,0.2919921875,43.0,0.3412698412698413,4.051587300536292,70.0,1.627906976744186,0.00048828125,1.0,1.0,0.0,4.0,4.0
3.0,9,14,6434905,,0,0.2919921875,43.0,0.3412698412698413,4.051587300536292,70.0,1.627906976744186,0.00048828125,1.0,1.0,0.0,4.0,4.0
3.0,9,15,6434942,,0,0.2919921875,43.0,0.3412698412698413,4.051587300536292,70.0,1.627906976744186,0.00048828125,1.0,1.0,0.0,4.0,4.0
3.0,9,16,6434979,,0,0.2919921875,43.0,0.3412698412698413,4.051587300536292,70.0,1.627906976744186,0.00048828125,1.0,1.0,0.0,4.0,4.0
3.0,9,17,6435016,,0,0.2919921875,43.0,0.3412698412698413,4.051587300536292,70.0,1.627906976744186,0.00048828125,1.0,1.0,0.0,4.0,4.0
3.0,9,18,6435053,,0,0.2919921875,43.0,0.3412698412698413,4.051587300536292,70.0,1.627906976744186,0.00048828125,1.0,1.0,0.0,4.0,4.0
3.0,9,19,6435090,,0,0.2919921875,43.0,0.3412698412698413,4.051587300536292,70.0,1.627906976744186,0.00048828125,1.0,1.0,0.0,4.0,4.0
3.0,9,20,6435127,,0,0.2919921875,43.0,0.3412698412698413,4.051587300536292,70.0,1.627906976744186,0.00048828125,1.0,1.0,0.0,4.0,4.0
3.0,9,21,6435164,71.5,1,0.2919921875,43.0,0.3412698412698413,4.051587300536292,70.0,1.627906976744186,0.00048828125,1.0,1.0,0.0,4.0,4.0
3.0,9,22,6435201,,0,0.2919921875,43.0,0.3412698412698413,4.051587300536292,70.0,1.627906976744186,0.00048828125,1.0,1.0,0.0,4.0,4.0
3.0,9,23,6435238,,0,0.2919921875,43.0,0.3412698412698413,4.051587300536292,70.0,1.627906976744186,0.00048828125,1.0,1.0,0.0,4.0,4.0
3.0,10,0,6435396,160.8,1,0.274169921875,31.0,0.4305555555555556,2.9533310705152513,38.0,1.2258064516129032,0.00048828125,1.0,1.0,0.0,4.0,4.0
3.0,10,1,6435433,,0,0.274169921875,31.0,0.4305555555555556,2.9533310705152513,38.0,1.2258064516129032,0.00048828125,1.0,1.0,0.0,4.0,4.0
3.0,10,2,6435470,,0,0.274169921875,31.0,0.4305555555555556,2.9533310705152513,38.0,1.2258064516129032,0.00048828125,1.0,1.0,0.0,4.0,4.0
3.0,10,3,6435507,104.9,1,0.274169921875,31.0,0.4305555555555556,2.9533310705152513,38.0,1.2258064516129032,0.00048828125,1.0,1.0,0.0,4.0,4.0
3.0,10,4,6435544,265.0,1,0.274169921875,31.0,0.4305555555555556,2.9533310705152513,38.0,1.2258064516129032,0.00048828125,1.0,1.0,0.0,4.0,4.0
3.0,10,5,6435581,281.0,1,0.274169921875,31.0,0.4305555555555556,2.9533310705152513,38.0,1.2258064516129032,0.00048828125,1.0,1.0,0.0,4.0,4.0
3.0,10,6,6435618,,0,0.274169921875,31.0,0.4305555555555556,2.9533310705152513,38.0,1.2258064516129032,0.00048828125,1.0,1.0,0.0,4.0,4.0
3.0,10,7,6435655,,0,0.274169921875,31.0,0.4305555555555556,2.9533310705152513,38.0,1.2258064516129032,0.00048828125,1.0,1.0,0.0,4.0,4.0
3.0,10,8,6435692,,0,0.274169921875,31.0,0.4305555555555556,2.9533310705152513,38.0,1.2258064516129032,0.00048828125,1.0,1.0,0.0,4.0,4.0
3.0,10,9,6435729,,0,0.274169921875,31.0,0.4305555555555556,2.9533310705152513,38.0,1.2258064516129032,0.00048828125,1.0,1.0,0.0,4.0,4.0
3.0,10,10,6435766,105.8,1,0.274169921875,31.0,0.4305555555555556,2.9533310705152513,38.0,1.2258064516129032,0.00048828125,1.0,1.0,0.0,4.0,4.0
3.0,10,11,6435803,141.0,1,0.274169921875,31.0,0.4305555555555556,2.9533310705152513,38.0,1.2258064516129032,0.00048828125,1.0,1.0,0.0,4.0,4.0
3.0,10,12,6435840,,0,0.274169921875,31.0,0.4305555555555556,2.9533310705152513,38.0,1.2258064516129032,0.00048828125,1.0,1.0,0.0,4.0,4.0
3.0,10,13,6435877,,0,0.274169921875,31.0,0.4305555555555556,2.9533310705152513,38.0,1.2258064516129032,0.00048828125,1.0,1.0,0.0,4.0,4.0
3.0,10,14,6435914,,0,0.274169921875,31.0,0.4305555555555556,2.9533310705152513,38.0,1.2258064516129032,0.00048828125,1.0,1.0,0.0,4.0,4.0
3.0,10,15,6435951,,0,0.274169921875,31.0,0.4305555555555556,2.9533310705152513,38.0,1.2258064516129032,0.00048828125,1.0,1.0,0.0,4.0,4.0
3.0,10,16,6435988,,0,0.274169921875,31.0,0.4305555555555556,2.9533310705152513,38.0,1.2258064516129032,0.00048828125,1.0,1.0,0.0,4.0,4.0
3.0,10,17,6436025,,0,0.274169921875,31.0,0.4305555555555556,2.9533310705152513,38.0,1.2258064516129032,0.00048828125,1.0,1.0,0.0,4.0,4.0
3.0,10,18,6436062,251.1,1,0.274169921875,31.0,0.4305555555555556,2.9533310705152513,38.0,1.2258064516129032,0.00048828125,1.0,1.0,0.0,4.0,4.0
3.0,10,19,6436099,,0,0.274169921875,31.0,0.4305555555555556,2.9533310705152513,38.0,1.2258064516129032,0.00048828125,1.0,1.0,0.0,4.0,4.0
3.0,10,20,6436136,,0,0.274169921875,31.0,0.4305555555555556,2.9533310705152513,38.0,1.2258064516129032,0.00048828125,1.0,1.0,0.0,4.0,4.0
3.0,10,21,6436173,168.8,1,0.274169921875,31.0,0.4305555555555556,2.9533310705152513,38.0,1.2258064516129032,0.00048828125,1.0,1.0,0.0,4.0,4.0
3.0,10,22,6436210,,0,0.274169921875,31.0,0.4305555555555556,2.9533310705152513,38.0,1.2258064516129032,0.00048828125,1.0,1.0,0.0,4.0,4.0
3.0,10,23,6436247,267.5,1,0.274169921875,31.0,0.4305555555555556,2.9533310705152513,38.0,1.2258064516129032,0.00048828125,1.0,1.0,0.0,4.0,4.0
3.0,11,0,6436405,174.8,1,0.284423828125,49.0,0.2722222222222222,4.936076172427684,74.0,1.510204081632653,0.00048828125,1.0,1.0,0.0,4.0,4.0
3.0,11,1,6436442,,0,0.284423828125,49.0,0.2722222222222222,4.936076172427684,74.0,1.510204081632653,0.00048828125,1.0,1.0,0.0,4.0,4.0
3.0,11,2,6436479,,0,0.284423828125,49.0,0.2722222222222222,4.936076172427684,74.0,1.510204081632653,0.00048828125,1.0,1.0,0.0,4.0,4.0
3.0,11,3,6436516,,0,0.284423828125,49.0,0.2722222222222222,4.936076172427684,74.0,1.510204081632653,0.00048828125,1.0,1.0,0.0,4.0,4.0
3.0,11,4,6436553,,0,0.284423828125,49.0,0.2722222222222222,4.936076172427684,74.0,1.510204081632653,0.00048828125,1.0,1.0,0.0,4.0,4.0
3.0,11,5,6436590,117.10000000000001,1,0.284423828125,49.0,0.2722222222222222,4.936076172427684,74.0,1.510204081632653,0.00048828125,1.0,1.0,0.0,4.0,4.0
3.0,11,6,6436627,,0,0.284423828125,49.0,0.2722222222222222,4.936076172427684,74.0,1.510204081632653,0.00048828125,1.0,1.0,0.0,4.0,4.0
3.0,11,7,6436664,,0,0.284423828125,49.0,0.2722222222222222,4.936076172427684,74.0,1.510204081632653,0.00048828125,1.0,1.0,0.0,4.0,4.0
3.0,11,8,6436701,,0,0.284423828125,49.0,0.2722222222222222,4.936076172427684,74.0,1.510204081632653,0.00048828125,1.0,1.0,0.0,4.0,4.0
3.0,11,9,6436738,,0,0.284423828125,49.0,0.2722222222222222,4.936076172427684,74.0,1.510204081632653,0.00048828125,1.0,1.0,0.0,4.0,4.0
3.0,11,10,6436775,,0,0.284423828125,49.0,0.2722222222222222,4.936076172427684,74.0,1.510204081632653,0.00048828125,1.0,1.0,0.0,4.0,4.0
3.0,11,11,6436812,200.3,1,0.284423828125,49.0,0.2722222222222222,4.936076172427684,74.0,1.510204081632653,0.00048828125,1.0,1.0,0.0,4.0,4.0
3.0,11,12,6436849,,0,0.284423828125,49.0,0.2722222222222222,4.936076172427684,74.0,1.510204081632653,0.00048828125,1.0,1.0,0.0,4.0,4.0
3.0,11,13,6436886,,0,0.284423828125,49.0,0.2722222222222222,4.936076172427684,74.0,1.510204081632653,0.00048828125,1.0,1.0,0.0,4.0,4.0
3.0,11,14,6436923,,0,0.284423828125,49.0,0.2722222222222222,4.936076172427684,74.0,1.510204081632653,0.00048828125,1.0,1.0,0.0,4.0,4.0
3.0,11,15,6436960,,0,0.284423828125,49.0,0.2722222222222222,4.936076172427684,74.0,1.510204081632653,0.00048828125,1.0,1.0,0.0,4.0,4.0
3.0,11,16,6436997,,0,0.284423828125,49.0,0.2722222222222222,4.936076172427684,74.0,1.510204081632653,0.00048828125,1.0,1.0,0.0,4.0,4.0
3.0,11,17,6437034,,0,0.284423828125,49.0,0.2722222222222222,4.936076172427684,74.0,1.510204081632653,0.00048828125,1.0,1.0,0.0,4.0,4.0
3.0,11,18,6437071,,0,0.284423828125,49.0,0.2722222222222222,4.936076172427684,74.0,1.510204081632653,0.00048828125,1.0,1.0,0.0,4.0,4.0
3.0,11,19,6437108,,0,0.284423828125,49.0,0.2722222222222222,4.936076172427684,74.0,1.510204081632653,0.00048828125,1.0,1.0,0.0,4.0,4.0
3.0,11,20,6437145,140.20000000000002,1,0.284423828125,49.0,0.2722222222222222,4.936076172427684,74.0,1.510204081632653,0.00048828125,1.0,1.0,0.0,4.0,4.0
3.0,11,21,6437182,206.0,1,0.284423828125,49.0,0.2722222222222222,4.936076172427684,74.0,1.510204081632653,0.00048828125,1.0,1.0,0.0,4.0,4.0
3.0,11,22,6437219,,0,0.284423828125,49.0,0.2722222222222222,4.936076172427684,74.0,1.510204081632653,0.00048828125,1.0,1.0,0.0,4.0,4.0
3.0,11,23,6437256,,0,0.284423828125,49.0,0.2722222222222222,4.936076172427684,74.0,1.510204081632653,0.00048828125,1.0,1.0,0.0,4.0,4.0
